,bandwidth,pervasive_freq,signal_strength,signal_envelope,genre
0,-0.8469359257382615,-0.04888565348117002,-0.34721224883213897,0.14532423515143605,Rock
1,0.5673126675158024,0.8094428180753729,-0.49939968585641487,-0.35747171566694563,Rock
2,1.2911486818545093,-0.48682195556271335,-0.7585354464391063,-0.3420931910062106,Rock
3,-0.7195695420403889,0.04267110277724691,-0.16260172787080987,-0.19980017051999585,Rock
4,-0.9345082080810576,-0.17021107435641059,0.08935660212883696,-0.15629238256541,Rock
5,0.43670174873127193,-0.5114008134004987,0.2953227041632135,-0.16128292193148114,Rock
6,0.4157436793452777,-0.8403529237672832,0.6742776041139653,-0.14986463480970308,Rock
7,-1.6195797131349552,-0.1845537988273727,0.4478236643109409,0.1891528145930238,Rock
8,-1.3441028970810125,-0.040044827409039085,0.45157149221480103,0.433902644123928,Rock
9,-0.7904774534648628,-0.2712478533492384,0.11947260087879363,0.08496754323573319,Rock
10,1.9858358086686685,-0.842378794485265,0.16693873247495525,-0.34689583778987726,Rock
11,1.2680488789290394,2.729036667166301,1.5702973066626322,0.049420721927506996,Rock
12,-0.1250097509364259,-0.7973445414540441,0.7000494721953137,0.21931824012684287,Rock
13,-0.9511420233699314,0.559134681128471,-0.3844537361457819,0.07835351284109732,Rock
14,1.0859137803910335,-0.5111239969346923,-1.0202511895878812,0.08301699350517434,Rock
15,-0.08153134421702002,-0.55156079506976,0.4645708648212654,-0.19812028781254437,Rock
16,-0.4758950522187512,1.2963465520270943,-0.3937005859395757,0.2083979861882432,Rock
17,-0.5970646880048032,-0.33401829543547434,-0.1868391645316735,0.23410216109761361,Rock
18,1.7493415275132949,-0.4940218002718335,0.3902563457715858,-0.29688402546542764,Rock
19,-0.8058321383243282,-0.313296759756486,0.09543088366830238,0.22038946464418396,Rock
20,0.7074360928048999,-0.2891764426743353,0.014516228014727505,-0.6534210388747137,Rock
21,-0.07026384231670069,-0.5303785431915138,-0.10738486040555967,-0.027649139999848634,Rock
22,-0.36632508801397706,-0.20119269005830925,0.2972742752492931,-0.6087638381304951,Rock
23,-0.7684314888873105,-0.37304997490520686,0.24107241101895255,-0.29757535693827986,Rock
24,-0.3716705965014038,0.11682475385861855,-0.45460930682794615,-0.03932595212724912,Rock
25,-0.7781455152718473,0.06650460411068632,0.24904450718122031,0.34577567939786447,Rock
26,-0.7041672186158856,0.17819886876271715,-0.42198526393737823,0.09307221138575593,Rock
27,1.7609844301836983,-0.23258956841066755,0.4436849478415888,0.06432351316317961,Rock
28,1.848175997666478,3.3724995930285653,0.9133057256366126,0.6215333315992531,Rock
29,-0.42945687969831714,-0.6222068629235767,0.38059127617547484,-0.14084448788541418,Rock
30,-0.07029248606078475,0.3068319630920971,-0.9193019625241458,0.14249224826086088,Rock
31,-1.4766795198523512,-0.009692529719728945,0.233195427266563,0.19811334162009273,Rock
32,-1.4748001182864467,-0.12809981351603905,0.19891429501000815,0.015850019136304832,Rock
33,0.41265998850231644,-0.8728189518921535,0.4477422954061511,-0.4319345993974917,Rock
34,0.43661417736188385,-0.7236981533538234,0.6246745643569418,0.2480237778701752,Rock
35,0.3462654686307566,-0.7242489822081086,0.04615340278419743,0.12037862183027864,Rock
36,-1.5270519237072815,-0.09787117358100922,0.1471393180316943,0.013726107396631701,Rock
37,0.057820200900962085,-0.3009266685507255,-0.1482115095431717,-0.35878231933029375,Rock
38,0.19843945274970673,-0.8528762022903639,0.4071772356902521,-0.21557005750351296,Rock
39,-1.5664199196512691,-0.015169274239855462,0.2825831769149444,0.2807337061047857,Rock
40,-0.45186246078536246,-0.46000070422824935,0.524679514706859,-0.21482550976211096,Rock
41,-0.1297325669089898,-0.3492145048054649,-0.020155433380616733,-0.023811511318407128,Rock
42,0.14430377052931195,-0.044966977043054794,-0.6019311081899139,0.00010479372347359162,Rock
43,-1.0026892230661733,-0.13685484672624015,0.054101097889349345,0.3743818502083045,Rock
44,3.0559981108514287,4.628212798859034,2.9106428647166713,0.5309171703856703,Rock
45,-1.1124584126935715,0.26762993581476924,0.4173942655371618,-0.03636177842228441,Rock
46,2.7042870395244116,4.393975948528327,1.2817387582233204,0.9047903027025445,Rock
47,-0.5675644848426901,-0.4863382180782847,0.38234470441139223,-0.19765566951614064,Rock
48,-0.7552518553195164,-0.045326807491383674,-0.5859973404453026,0.3505528147759524,Rock
49,-0.794895840023524,-0.19688487404317512,0.35244937754330347,-0.42477813067203224,Rock
50,-0.6648699331913578,0.1426301081522283,-0.6517912336916192,-0.019205374686924712,Rock
51,0.12619258003175426,-0.5021527567564503,-0.46067578695492256,0.29660679260284883,Rock
52,-0.8357413180794667,0.20646104667513898,0.24367235132197929,-0.31065042817641225,Rock
53,1.0082749205967918,-0.8831491521510454,0.5741128702682516,-0.4103747316328946,Rock
54,0.45017075058414824,-0.6325161320211202,0.026069186713295344,-0.029204040958477735,Rock
55,-1.0843908829205713,-0.1406607373015944,-0.12388074366313931,-0.06164991736185015,Rock
56,-0.5513227597907915,-0.2853253275037078,0.08828131375686162,0.2891337220308956,Rock
57,1.5299178429151818,0.7910580606535181,0.4196615072447157,-0.4633269646406198,Rock
58,-0.9091003262848307,-0.3519581859296512,0.4168933445701514,-0.0819412920728068,Rock
59,-0.5590894452814966,-0.6276038831940298,0.5026890674104911,-0.2270918116806586,Rock
60,-1.6127128562928637,-0.15706317074065992,0.4459649987845653,-0.04098949609972087,Rock
61,-1.1684591219437626,-0.05368398625215902,-0.13469042511719465,-0.05795296636142896,Rock
62,1.3345416308952363,-1.5467645572104909,1.1362853843573464,0.3795617424930456,Rock
63,-1.5545596237193375,0.20210285976690656,-0.4084788126423186,0.28391298089623335,Rock
64,-0.0256722029795037,0.1152855531093875,-1.0870070721756067,0.22509811961824083,Rock
65,0.609030594211463,-0.76404649337674,0.6008085863496944,-0.013586132150795103,Rock
66,2.8190177473708706,4.159985339199189,1.8322015671533929,0.5289701121215812,Rock
67,0.10484977973235793,-0.6683984719233417,0.31035052385914386,-0.2335351889781268,Rock
68,-1.006099050230995,-0.06873001775905087,-0.2193059363121849,0.3364964548124419,Rock
69,-0.3939458146152243,1.116751444033967,0.07663986412679268,-0.3239412463341252,Rock
70,-0.9794142848557738,-0.01917877579572866,-0.09272855170950661,-0.1115930030723871,Rock
71,0.5635289118514764,3.0433288394514855,0.3480120079840708,0.20205044800372102,Rock
72,-0.8801095927632415,-0.005495917436599114,-0.48511396633004245,0.2503554532084352,Rock
73,0.7118476537493811,3.0307952351973966,1.163197821702229,0.25028451552157066,Rock
74,3.2273178950800325,5.707258311470904,2.5260595513619535,0.34139184961256236,Rock
75,0.8559649053038599,-1.13655162814489,0.5691361078180468,-0.45193635091012857,Rock
76,0.6230485074234555,-0.7629103427842552,-0.10962771666248315,0.004573794485096686,Rock
77,-0.2694527972220827,-0.6248759440975986,0.4171843931931312,-0.13850252417576975,Rock
78,0.5862395556524272,-0.0831970026244685,-0.30276979513038005,-0.21002861200986858,Rock
79,-0.7954082558821407,0.5682668862076378,-0.3033357016512535,0.0641255779454166,Rock
80,-1.7530349334039734,0.24330327553598521,-0.08803171019907526,0.1626780427953904,Rock
81,0.027302454855979524,-0.5558933785779759,0.2551450344763028,-0.6277219939891084,Rock
82,2.0080203047281944,5.238408015394579,2.017864422542383,0.623960845178878,Rock
83,-0.1722171097819487,-0.7435541147697204,0.4891173631052538,0.033122509853713886,Rock
84,-1.3705820917277682,0.14995537229488773,-0.2881723941609141,0.2440016641423576,Rock
85,-0.30406670069119207,-0.4528458394141568,0.37941772786216443,-0.12527316469016125,Rock
86,-0.9737301558582754,-0.23403162316065415,0.35600627796480244,0.36578317810485406,Rock
87,-0.044145306299965874,-0.07720784760841652,-0.45821596122292,-0.0607839494557421,Rock
88,0.10745304125115784,-0.6800943983340353,0.33654559870455103,-0.29922281676980556,Rock
89,-1.2632485263471132,0.3244242399837973,0.33002510962992077,0.19177273029200104,Rock
90,1.3147976736620508,3.42455168676737,1.8955560059397953,0.23871285104484954,Rock
91,2.367654748232585,5.000139769789465,2.275042447035465,0.016072915536739424,Rock
92,-0.28126600950043035,0.2833716863857322,-0.71255853336659,-0.08991574613071954,Rock
93,1.3567432941777835,3.7051837809392407,1.778519620621277,0.08264802038220002,Rock
94,3.4374689466484223,2.5216449505312806,2.3353498362813156,-0.10437361729507914,Rock
95,0.6734361816550954,-1.4167755044169144,1.178904961352381,0.629650515154412,Rock
96,-0.5799183528263093,-0.2029959161230878,0.4299467393678178,-0.12543289044327005,Rock
97,1.2905664849650247,-1.5323205753534679,0.7535089831305832,0.07470515988311228,Rock
98,2.432732832248275,6.154620800359295,2.066513672379546,0.5882475685546662,Rock
99,-0.25752995907799453,-0.6512759759509364,0.4484539023290683,-0.22208731589721323,Rock
100,-0.07854904668763776,-0.5780309845846365,0.21018194818893143,-0.07791678203716806,Hiphop
101,-1.0165556176862267,0.37404547620321976,-1.1919525049535777,0.36863420682230963,Hiphop
102,-1.1472375745867778,-0.16523210558416954,0.011687056345134082,0.17933787148822564,Hiphop
103,2.2145455645637524,1.2465347902342816,-0.37267089309981294,-0.07353113030417495,Hiphop
104,1.8873122949989645,1.2210691598407892,-2.014040062935786,-0.21101472604872196,Hiphop
105,1.5710938762401794,-0.09839570085798305,-1.8941941283576336,-0.26539092430560157,Hiphop
106,1.6006419902569775,0.15518415635254562,-0.7626375982112313,-1.1008586708709824,Hiphop
107,-0.4597218627578889,0.0406571580209852,-0.8961677625460402,0.49940067888690276,Hiphop
108,5.72948201090437,-0.1726035153188203,-5.275294300115447,1.5397812875400887,Hiphop
109,2.785429729148831,-0.2314198145317619,-0.43590802406182816,0.045187205835956486,Hiphop
110,-0.33710917311226346,0.2774194578050826,-0.48243263413985876,0.2810219168103639,Hiphop
111,1.7906182917728481,0.2478515868743198,-0.8599436705050484,-0.4274827506282568,Hiphop
112,0.5170487739118891,-0.48604943676156076,0.6011157614523871,-0.553382568337547,Hiphop
113,2.0150585615423893,-0.23878714411387975,-1.929632623381119,-0.48938123330717836,Hiphop
114,0.4871143969990607,0.36700814666019527,-0.9403068303513685,0.06245363400161758,Hiphop
115,-0.9706573727050379,0.04617391923444931,-0.1655287254461897,-0.4672892169117028,Hiphop
116,0.8479365362383077,-0.020152724432085215,-1.0567478475954033,-0.5668618844426714,Hiphop
117,2.2234990678362934,-0.031530645829966356,-0.2606766238113785,0.5422582622238243,Hiphop
118,0.7131623705488346,-0.3736841091752547,-0.1197491869179719,-0.4071683755392057,Hiphop
119,-0.1801473916608797,-0.0851300573777356,-0.8474203417546254,0.10051251767429303,Hiphop
120,-1.2728364173111926,0.08752305207330581,-0.4835560158819765,0.18749070847224866,Hiphop
121,0.4294205930612644,0.41067393721679296,-1.093653697043839,-0.2524568551106574,Hiphop
122,-0.167390614558167,0.7385700386986345,-0.7004065850412142,0.16075914603108887,Hiphop
123,1.4454320986145712,-0.11226942107410065,-0.12676388786741555,-0.26085349516437073,Hiphop
124,2.0895085117617644,-0.15766185422241324,-0.6916900099855108,-1.1231433530196886,Hiphop
125,0.6548379405068184,0.8546748694740094,-1.393079752959836,0.011791884485620399,Hiphop
126,0.09068460310166739,0.2064747069799565,-0.21822911217053187,-0.17528622039087322,Hiphop
127,1.6590916325159744,-0.03614599937990483,-0.6394749708401305,0.06334518450486055,Hiphop
128,4.082268209004608,-0.2653610114656547,-4.010766443497296,0.7995162132459063,Hiphop
129,1.3363614536780561,0.212603438668543,-1.1021990944047027,0.16194719120378698,Hiphop
130,-0.8609302889318214,0.08144111989224448,-0.22945438354945888,-0.2491733211472134,Hiphop
131,-0.10007423916455363,-0.031706791387553765,-0.7876562395707905,0.3633417274575613,Hiphop
132,0.41213114963373915,0.3834514754598742,-1.7108509439191784,0.2808647195671739,Hiphop
133,0.4022992117067615,0.36291889367369823,-0.15380219155440988,-0.1701826515122486,Hiphop
134,1.036788114243564,0.14830370481546915,-0.2779967009199194,-0.34821482388169867,Hiphop
135,0.874543559895264,-0.34859468537682625,-0.06635617308133711,-0.406516381332528,Hiphop
136,1.8873122949989645,1.2210691598407892,-2.014040062935786,-0.21101472604872196,Hiphop
137,-0.49921784920418544,-0.41449267187160904,0.40718159042839047,-0.0006264828290905424,Hiphop
138,1.4831913051662953,-0.39356902975779373,-0.07729661013013114,-0.46010177039153655,Hiphop
139,2.509474191042889,1.810899400874901,-0.6512766436345655,-0.38196758364482286,Hiphop
140,1.1570662591454652,1.3061617783932418,-0.3052397370415521,-0.586436676738247,Hiphop
141,3.1398322769521125,0.5464147886870201,-2.578698680574692,0.2258825061884276,Hiphop
142,0.011070126379216063,-0.4048107087818421,0.6047035481065286,0.6292131522066425,Hiphop
143,2.8988079900860204,0.9688376771510948,0.20836019068519332,-0.9674193323838773,Hiphop
144,-0.012045747348361816,0.34578455638028804,0.07852492191470671,-0.3858132403196871,Hiphop
145,0.3823177049186291,-0.6211579679881407,0.8449646564487795,0.01632733918006677,Hiphop
146,-0.19408799836348262,0.23688576920448848,-1.2331298827958768,-0.0009004886924003782,Hiphop
147,-0.04221782077776115,0.5972851282631665,0.021420768280142097,-0.19201356120018673,Hiphop
148,1.4831913051662953,-0.39356902975779373,-0.07729661013013114,-0.46010177039153655,Hiphop
149,0.9831809836606044,0.7288405012824403,-0.8556016714502557,-0.2646937409710329,Hiphop
150,1.690858939048442,1.5826780765515347,-0.8940380385601644,-0.08799592855658982,Hiphop
151,7.112565395089284,8.943111675577777,3.986447152751464,0.29905293093930113,Hiphop
152,0.441305523369151,-0.23333842238023436,0.4658236363622644,-0.6874187729228254,Hiphop
153,2.4614746328474086,-0.9741058129151101,0.2890593860216131,-0.485926857643099,Hiphop
154,0.43078579501706704,0.5435781947610553,-0.23992089661847554,-0.7068533872231896,Hiphop
155,-0.00999784181029705,-0.14459085385692907,-0.6831294625570671,-0.5761240633296798,Hiphop
156,-0.2887265546474619,-0.07205805861054464,-0.1175418818776043,-0.14199841606686764,Hiphop
157,0.14255911304714283,-0.04463858174460651,-0.23447577073431694,0.03376491863981784,Hiphop
158,0.5582449927830075,0.10409862045248007,-0.33392796655258816,-0.20480615899916763,Hiphop
159,1.0455113695147846,-0.23994123778684903,-0.8476891557570522,-0.19946815280514743,Hiphop
160,1.7250618629061456,0.2726007016070641,-0.8135786834340553,0.4295723077451759,Hiphop
161,1.1001514727160566,1.0805866470617245,-0.25279647783013093,-0.0969553830322889,Hiphop
162,-1.158452062753956,0.08505021645773946,-0.11295603745792734,0.07176112363586548,Hiphop
163,-0.24164988155483963,-0.5632775754098573,0.6791317659771181,-0.11121373374494502,Hiphop
164,0.3698181633189541,-0.3585969284681273,-0.05447445038141125,-0.7009106068936064,Hiphop
165,-0.2431809235692908,0.2922068426620196,-0.43328402511331454,0.02532398760931258,Hiphop
166,-0.45451087281979474,0.3841112919014333,-0.8051811363678408,0.2766518336200846,Hiphop
167,4.512079097492488,0.8151050597977193,-0.6470185371644775,0.44968930178475286,Hiphop
168,2.395731447226407,-0.6723886269634233,-1.0284289684182801,0.7438620914923405,Hiphop
169,0.5543163310314387,0.1029486903446154,-0.9886054287707521,0.3873607347441314,Hiphop
170,-0.5409731994265198,0.4955428633786842,-0.2904144122688184,-0.11675065567509872,Hiphop
171,0.9135890559763545,-0.032491893436457954,-0.9079846102345502,-0.6921416282478249,Hiphop
172,0.22134160646551398,0.14956887432366792,0.061191285121138916,-0.32994552215171846,Hiphop
173,0.9571745221239097,-0.3303183647679644,-0.038602658784323035,-0.23825068373271413,Hiphop
174,-0.22885360531446397,0.2424156023974825,0.06819213153081077,-0.17121854280047266,Hiphop
175,1.9742123307659816,0.42906484316872673,0.2980191340897769,-0.44663521324184147,Hiphop
176,1.4514579251716453,-0.1951680931061632,0.5336314235875959,-0.08368114687879112,Hiphop
177,-0.054640587829804854,-0.23683203743790238,0.1520787478640832,-0.48374101430012145,Hiphop
178,-0.25932113652502287,0.2364741918011394,-0.1380336564496181,0.08668861395263654,Hiphop
179,-0.441572299249674,-0.2809565749015773,-0.0771308015073263,0.10217719341848167,Hiphop
180,1.0347800698364242,1.4461022190254131,-1.2523061111174536,0.2263968893688125,Hiphop
181,1.11019753033785,0.8806149021092174,0.7599757068952844,0.20830737900725377,Hiphop
182,0.05872476182024248,0.21213843186523534,-0.5957672711409533,0.18681737108675525,Hiphop
183,2.216774802730161,0.42641812312296395,-2.146068786295282,0.02920643949129842,Hiphop
184,0.2497983006049749,0.6218981039966949,-0.21941108204654677,-0.41074431659977645,Hiphop
185,3.2846914906575417,4.541268759023257,1.7362030826509909,-0.8195279303439292,Hiphop
186,2.154390645002937,-0.5360475955420846,0.3312367906502914,-0.35461204683448694,Hiphop
187,1.9543076372935617,0.5921984388400791,-2.9014517495421543,0.6550400901805963,Hiphop
188,2.0626525931435897,1.723849111436,-1.2946395401326838,0.12935709487305086,Hiphop
189,2.558472908820157,-1.1987981832452081,-0.49594929782127695,0.34260194345569234,Hiphop
190,-0.5932778017774886,-0.2994643174758173,0.5258378977447101,0.09722611975810586,Hiphop
191,-0.8177576826537534,-0.4304331053446886,0.22728038322230326,-0.10616584500980839,Hiphop
192,-1.2905528676884124,0.5092387458360482,-0.16963767178059488,0.014458832872119676,Hiphop
193,2.64433847709566,-0.7253897255217299,-1.1926466813738519,0.6936905991272495,Hiphop
194,0.5697978033664715,0.5649548398424872,-1.5327968304584747,0.1806721790646564,Hiphop
195,2.2448060707724093,0.18643158982585584,0.10712473418395817,-0.377780778190493,Hiphop
196,0.5342381983154229,1.3337842916063298,-0.3448654055812641,-0.19611633529891928,Hiphop
197,0.41706104043549097,0.12179096227593919,-0.251068199474678,0.1712608861553364,Hiphop
198,1.7329993033896065,0.9674227213522271,-1.567601467482828,-0.13693803258570025,Hiphop
199,-1.153009185028163,0.32900628221725137,-0.10151484382364676,0.024164531884825036,Hiphop
200,-1.9262713825492628,0.08765878416274263,0.21990067762037202,0.23204431128645747,Classical
201,-2.118713970842834,0.13293573125617691,0.2109148314741611,0.15260477788088397,Classical
202,-2.2785115629233865,0.11381341153521346,0.299907525134208,0.24071941185830223,Classical
203,-1.2356589608197115,-0.1981897446023779,0.16194487897764137,0.6322169710975383,Classical
204,-1.747404704885101,-0.0622686889253219,0.4452144066199039,0.37392333413104,Classical
205,-1.9438829008722236,0.10832566525141417,0.1654860852273888,0.12516608894938777,Classical
206,-2.3732471513794953,0.20126656157942793,0.2661949099899126,0.23953717260638277,Classical
207,-2.3164719634923285,0.16168000758687265,0.25493169198897947,0.21338073346606826,Classical
208,-0.7783326907598931,0.49092312392023135,0.6077928498021518,0.4158509088513041,Classical
209,-2.0018820275813476,0.38313268391482924,0.09846969172959182,0.27532282815189235,Classical
210,-2.007134124289781,0.06851242505486954,0.2937140347363704,0.2903250319099198,Classical
211,-1.993122923829043,0.19961391254473795,0.34436854737017447,0.2682495507377919,Classical
212,-1.7400997316157292,0.02776172838217312,0.27599474614595,0.061615369060188045,Classical
213,-0.4512248474278783,0.1354383119516972,0.04471625203911959,0.26200213108446363,Classical
214,-2.071045754553032,0.7857569084365673,0.656534315032821,0.3050997851583662,Classical
215,-2.2810736009282313,0.16225671405187553,0.2454392344490391,0.2566707508507313,Classical
216,-1.4861396649692664,-0.10785167600566964,0.1231058216823498,0.13825749484584907,Classical
217,-1.2293660308277805,-0.28217718910277906,0.3029517573322949,-0.03854519438211421,Classical
218,-2.128521304168802,0.16780333214965967,0.18594699418660462,0.22710843651410886,Classical
219,-2.2271840932061213,0.13217406027418846,0.28033804670055246,0.19824941417837053,Classical
220,-2.2623488192401937,0.13553608782850238,0.30029400271306567,0.18972397703582214,Classical
221,-2.3692583825784874,0.16403786008664936,0.2491515099447697,0.24210191062866546,Classical
222,-2.3236824625791725,0.15360993185500296,0.2502414059854939,0.23302648260149753,Classical
223,-2.3062647273934456,0.18749094800373392,0.2593364620626852,0.237453761465304,Classical
224,-1.8351779088137343,0.49947470196115745,0.42195683041316945,0.2714360095342522,Classical
225,-1.7166524176536757,-0.017402153741379302,0.17501920183063127,0.105845934127174,Classical
226,-2.2177327200597774,0.12267835614447498,0.2236813944053793,0.20086942750728526,Classical
227,-1.5336787639544478,0.1356561710909714,-0.3612961360775786,0.3159338685430004,Classical
228,-2.1473491824968987,0.11433012599134203,0.23768794383183575,0.22489249601799802,Classical
229,-2.291072128531099,0.15837808163787742,0.21645752044458608,0.24865114125650079,Classical
230,-2.159712041354193,0.17651220646277144,0.30040568137474355,0.2014756173132313,Classical
231,0.18517897013158394,0.3369916451933955,-0.34298747826022447,0.39212703173726304,Classical
232,-1.5350935840046025,-0.14279542293055322,0.29886771080969343,0.20976772797768253,Classical
233,-2.259358224148766,0.157058339871743,0.23892513658975909,0.22292126144985447,Classical
234,-1.8889420461469988,0.1770917772806893,-0.17034808843768337,0.2649252783979148,Classical
235,-1.8878271703325389,0.17884263712617504,0.1639168227607204,0.1082263366158435,Classical
236,-1.5153785326804987,-0.1441116376712996,0.20328191238683688,0.1976436205502282,Classical
237,-0.021492620014837455,1.18365011862079,-0.8056971607373314,0.4636645011610383,Classical
238,-2.2135880231934424,0.10826050030829157,0.3245198383308075,0.14407410113043792,Classical
239,-1.877178384791675,0.06011330988834671,0.21695082673226507,0.0833535734585809,Classical
240,-1.9105623884402678,0.12085430358199674,0.04468304421574434,0.254540076648664,Classical
241,-1.8627669371311093,-0.026144793677860895,0.2700341216354329,0.403725273895374,Classical
242,-2.3961076079437236,0.13554955499549656,0.3418516406595174,0.2595472724400734,Classical
243,-1.7353018386453964,0.06742878253521385,0.18139221451238632,0.23496833069155856,Classical
244,-1.8143104317029692,0.03521022349549733,0.20519225641487732,0.21744336939105915,Classical
245,-2.177042800311682,0.18005270725798048,0.07793340396158063,0.2807322842614348,Classical
246,-1.9923729037471973,0.049199905715074044,0.27844041867193753,0.17125405906200544,Classical
247,-1.9531837981681068,0.12338616216427271,0.014598504266833921,0.15958829400961863,Classical
248,-1.9817958859439606,0.14126041657733782,-0.07428186462778104,0.31389391552251406,Classical
249,-1.8203393091805864,0.1479866195131575,-0.1362930304789416,0.2965874460524269,Classical
250,-2.0984839127143258,0.19251251403766434,0.0011709223119179576,0.25548718458589054,Classical
251,-0.15731885053855635,-0.24637265586621018,0.4611344101935934,0.8323123649623706,Classical
252,-2.1984676347704117,0.21052097792562627,0.02657420603459919,0.2858829289828149,Classical
253,-1.6934194099189812,0.10716985826993404,0.0898518713651599,0.008442571108227515,Classical
254,-1.9578514071456268,0.20258789685825832,0.16187297936090764,0.2690381788977454,Classical
255,-2.107170147751975,0.14594073844089323,0.19648534668296086,0.127391342153107,Classical
256,-2.334000722464187,0.18903957759253734,0.34928437673988005,0.24591894289471558,Classical
257,-2.0616265058575474,0.07944494123916482,0.2878202301870568,0.21790584250790387,Classical
258,-2.2231366230530853,0.19805013010455322,0.2141246857823858,0.21885568457397897,Classical
259,-2.2872589002378403,0.18812472562906618,0.24576406242345264,0.24324704708949244,Classical
260,-2.0645139155464456,0.13941904827179355,0.09482457490504168,0.31707384984706793,Classical
261,0.8353755656997423,0.2421034270872777,-0.2914842779195955,0.31307663336147,Classical
262,-2.2697086605217374,0.19828370818744503,0.18048603976611777,0.22998864730733368,Classical
263,-2.433984864949135,0.18519758623344115,0.30773525209826486,0.2292831765583012,Classical
264,0.5700821903802062,-0.058382559612110516,-0.40193337827391606,0.11064745634937923,Classical
265,-2.0353116869412924,0.08783721924024518,0.2878833430097895,0.13283984418504755,Classical
266,-0.6699415498717489,0.339975826996627,0.15314885417266408,-0.23084043833893897,Classical
267,-2.2463373591719384,0.14513467332995084,0.2438121226625586,0.2604289530186115,Classical
268,-1.0987447278903248,0.6565808075896031,-0.18173206091626146,0.2972975397460381,Classical
269,-1.3080920542814802,-0.1796343514288795,0.12863810716903396,0.2818245805810248,Classical
270,-2.2033483649575185,0.1669421557533666,0.27803891099181033,0.26731588798664735,Classical
271,-2.236030313415749,0.12719032399331703,0.2715073349978871,0.22271249681331695,Classical
272,-1.958827547578144,0.04059633491691308,0.28545657016396914,0.23166004847685925,Classical
273,-2.0663187856195804,0.0840686477343123,0.19578333197082323,0.2617137626068132,Classical
274,-0.6047117166118127,0.43994540913765395,-0.5434484015121815,0.23294080951505514,Classical
275,-1.780336860672933,-0.1551710061770053,0.4370606136918726,0.3044819451546795,Classical
276,-2.3631545244778116,0.15693357462272733,0.2869601107618842,0.21993091130867792,Classical
277,-1.581785718007468,-0.07845544329436088,0.21637886976570156,0.28565413943898704,Classical
278,-1.7111664854115596,0.13483362462935694,0.20071163524652547,0.1508138120422633,Classical
279,-1.230282908834188,-0.0896790262119078,-0.03767272620979363,0.3382672384047468,Classical
280,-2.348138920651831,0.15193935015738524,0.3154573209724582,0.22371254363511625,Classical
281,-1.5324485043873401,0.01060384887980082,0.023891979459652695,0.14951005263113254,Classical
282,-2.3764525529013376,0.1678924407093783,0.2670796064537224,0.24306242018106408,Classical
283,-2.239527435761068,0.18919621676855758,0.18336360060621232,0.2317331994673855,Classical
284,-2.303393004640041,0.14934267935626885,0.2565563590681852,0.25889765482136246,Classical
285,-2.116865559974838,0.10197315810727317,0.23992182426917244,0.20492750164483683,Classical
286,-2.210449682067318,0.18142335736747595,0.08869384224755737,0.2793437531750214,Classical
287,-2.002942750191094,0.1921322351654132,-0.2013550507173045,0.305221340084121,Classical
288,-1.9600996538124749,0.32104679775238915,0.17785214255718346,0.1369611991701906,Classical
289,-1.2593611342585145,-0.12098423037639303,-0.022904692957582254,0.4102337660462835,Classical
290,-1.8371215186499867,-0.07797135746536714,0.3593771598730801,0.12851605636389074,Classical
291,-2.0106418580877317,0.16336205978178203,0.2158659864850911,0.16790786648416287,Classical
292,-2.373212999051365,0.15733270846239616,0.3229262785649016,0.2047991272655976,Classical
293,-2.125018312499752,0.4664358684212634,0.48541069600593834,0.31549820059252787,Classical
294,-2.134335110698364,0.21722730079224908,0.13626438033988278,0.21876770706117796,Classical
295,-2.0983886120242707,0.09279216583627015,0.2696359546685234,0.20928720154893593,Classical
296,-0.8202734442321875,0.6360850856480187,-1.123731994316339,0.5841270929063356,Classical
297,-2.4452732613754082,0.16648127730707196,0.3154060364531885,0.2314465757038533,Classical
298,-1.9171467422551103,0.13956612837482457,0.22076225245202727,0.19305378365538348,Classical
299,-1.9227773469411702,-0.038288667987030435,0.39191280130221345,0.3181710353266835,Classical
300,-0.3064288824403581,0.22182569356885962,-1.5172910199634915,0.20520869673262682,Blues
301,1.4820091548310697,-0.7366544818650722,0.04135130422965131,-0.8912648462637761,Blues
302,1.4319227649435753,1.0214607977080157,0.970747189977651,-0.8475263297419419,Blues
303,-1.7597620154378932,0.2697910797542839,-0.24922599134367632,0.18447180894945422,Blues
304,-0.873681458657746,-0.08443330333604282,0.3188302291814729,0.005700330599124007,Blues
305,4.02374436496204,-1.602769944762862,1.4723857483319351,1.306693124942687,Blues
306,-1.2250229430403192,0.1334147779849134,0.03613572096897454,0.13453567254602664,Blues
307,-0.6842960420246856,-0.16033500215206914,0.12702945155154013,-0.3032573208100435,Blues
308,-0.7324349018018931,0.17861379710021902,-0.6561528123864078,-0.09261918344000057,Blues
309,-0.47863678993526476,0.41664515172697814,-1.4253006471569258,0.28642222455112876,Blues
310,-0.4753209334004719,-0.27018651411536937,0.06644590160383979,-0.18191398757870186,Blues
311,-0.4355106484446243,0.3209503478761695,-0.41594309156787684,0.2192471434840686,Blues
312,-0.15372003287794156,-0.60559190958586,0.29493863570817846,0.19382730085523445,Blues
313,-0.9758745936644411,0.31093932366381494,-0.9748574475037526,0.2039654528138219,Blues
314,-0.3330307953844304,-0.5407573943400382,0.939767211368876,0.1944445359269853,Blues
315,-0.5506050662660265,0.7553805988687926,-1.1222569350946008,0.2831034357078795,Blues
316,1.1716199545393464,0.5759196980580084,1.0672207488596133,-0.20934561401700796,Blues
317,1.567839907976627,0.46784874981335056,0.5212306741485104,-0.09557818753428889,Blues
318,-0.9928666418827891,0.005424997998441827,0.16796740056464404,-0.09834395701319984,Blues
319,-1.043528098107851,0.09463690217881897,0.23539650990169786,0.3367897756108094,Blues
320,-0.7040879898770205,0.11909458522421003,0.655812484108046,0.12590965134379725,Blues
321,-0.7964411684687969,-0.4020559141841646,0.4315161537946441,-0.38500480663457876,Blues
322,-1.1900079171975135,0.2958321981100178,-0.909172462130441,0.12068342556932923,Blues
323,-0.6561565845033289,-0.2757884272510711,0.16696900936029133,-0.3321962740060536,Blues
324,-0.9258948896417821,0.15629292733679165,-1.0769319944863787,0.3903502434110896,Blues
325,-0.7642559085801883,-0.37977279999207497,0.11573729771456077,0.41152647764650874,Blues
326,-0.29076726440478334,-0.6102936704156251,0.22019072191660133,0.19405881008801942,Blues
327,-1.5122756489746836,0.13182598795377778,-0.030548512838459333,0.0006886660799119875,Blues
328,-0.5609025219164565,0.3951291538224922,-0.6741799113655497,-0.08282754907063075,Blues
329,-0.7292223808027614,-0.0016477109823000659,0.30524618922653457,-0.17603578586234386,Blues
330,2.5817056187933436,-0.49808962213052316,-0.7903090864814463,0.6240215578815296,Blues
331,-0.8917557922209683,0.006540218146281828,-0.28807374046935713,0.05924599015985581,Blues
332,1.2099930613431062,-0.3017865585731716,0.18308836412710522,-0.7177099372547759,Blues
333,0.3845589313441526,1.0328591288598625,0.32371427963496613,0.027669075648484174,Blues
334,-0.6393543920154148,0.5315932024484725,-0.8297312435958654,0.14425180787308156,Blues
335,-1.3180649246397866,0.0731546873960768,-0.12002032377218201,-0.014734508006480341,Blues
336,2.123127687227175,-0.020637812876628567,0.8602130213800122,-0.5024776067877403,Blues
337,-0.7317794365136296,-0.11820990279966902,0.15172115054828228,-0.35482435603824986,Blues
338,-0.32493840803965174,0.023644179230324296,0.10753376766634715,-0.017717025390787806,Blues
339,-0.5642900754324598,-0.07149027267358492,-0.2799997884849122,0.08079319407040404,Blues
340,-0.08034984312933188,-0.07810665297205872,-0.1697743872111246,0.2504500128673066,Blues
341,-1.3777991191691417,0.16169808311315753,-0.14639579102745773,0.10769190415808033,Blues
342,-0.686832325581749,-0.3458714062938217,0.25123114531897595,-0.17791175903165948,Blues
343,-0.3290019093052216,0.2932117942566684,-1.6405734569183383,0.4172138372074633,Blues
344,1.4591068733159007,-0.6460438614173978,1.2906678872496484,0.4960818600005593,Blues
345,1.1510578170516488,-0.3767086537894108,1.1170201761111107,0.1803165461090928,Blues
346,-0.6002354483427385,-0.15062009534958143,-0.5466301978537522,0.3487617821142352,Blues
347,0.8071900529246194,-0.6498040408468476,0.2100463435196192,-0.24584717097844536,Blues
348,-0.444826633157723,0.10100245480392549,-0.415876519298298,-0.01691139415978237,Blues
349,0.08207884231198675,-0.4761285928779746,0.29733520537718655,-0.2373236916252128,Blues
350,0.18306280744135606,0.13815102016806405,0.10037231245356787,-0.501815434288545,Blues
351,0.34997956444847766,0.17739914564010129,0.4139062674490319,0.3068156884779188,Blues
352,-0.7173357052929791,0.21042142602457947,-0.7451139594669483,-0.014161038200229579,Blues
353,-0.7690143234310037,0.3474995252384124,0.2035094708467643,0.10233447855156419,Blues
354,-1.273967420675517,0.48798815311524896,-0.977592508959784,0.39499866148434215,Blues
355,-1.0931728797139741,0.5758958591843649,-0.8441852303696408,0.35830231936917645,Blues
356,-0.5721092832907188,0.23173318735581305,-1.2773122903077208,0.3072376827976819,Blues
357,0.36394586841084,0.04580644204558191,-1.8072615764876463,0.4439588149022203,Blues
358,0.08342020754882119,1.643230804425755,1.263398554314698,-0.09976084521115804,Blues
359,0.15039350163981993,-0.30072148159977885,-0.2911400496379835,-0.46961715403705656,Blues
360,-0.343791257340286,-0.03995076283063723,-0.1515584372483719,0.49694714731911854,Blues
361,-0.7286839372962612,0.08044303530353947,0.7148333245118019,0.5270101973749413,Blues
362,-0.6569147488903017,0.07061009159951809,-0.15001340296189924,-0.11542916948532352,Blues
363,-1.514761488217675,0.20338674454292324,-0.4534771685461136,0.21588633003300636,Blues
364,-1.521316102087784,0.27223895453031804,-0.5615663742809727,0.10596670053099397,Blues
365,2.4371605718850087,0.7892904908977999,0.6356686272390953,0.09562374930235358,Blues
366,-1.3991434432959322,0.2845664565734276,-0.09391203971567223,0.10242229215545946,Blues
367,-1.556021224248118,0.13286379282632246,-0.2136422559146831,0.22206779220704168,Blues
368,-0.577215360989187,0.36896716517756845,-1.0964211266252009,-0.04262626000433632,Blues
369,-1.4024877973777585,0.10369018963803808,0.06903128408560305,-0.2577937668028298,Blues
370,1.920876427940222,0.5727143444043933,0.5130690312498715,-1.0021227785181495,Blues
371,-0.8261134584754642,-0.48261572491737775,0.4161387480513503,0.22628713802496983,Blues
372,0.8612121564678812,0.15548217715336726,-0.17224648649102778,-0.47651132586201406,Blues
373,-0.49306807849595197,-0.1759099213804529,0.28559783252861903,0.05678112891477394,Blues
374,-0.5637062805262475,-0.3706530479647854,0.20151303932590836,-0.607674673445121,Blues
375,-0.6453692232461572,0.2612674071286337,-0.7871172408726849,0.17436913748986013,Blues
376,-0.1338705132286261,0.5221266189188457,-0.9775156548319499,0.13524573720334218,Blues
377,0.687120784947542,-0.570294426499105,-0.017179488389668103,-0.27801161246704986,Blues
378,-0.17266522052370872,0.576925978566821,-0.13208374417679963,0.1270037011523498,Blues
379,0.05899360914703389,0.23122850803287356,-1.4976222524914369,-0.00047753958362281053,Blues
380,-0.965894037685592,-0.14211303455590635,0.12417468661671814,0.15526429363610497,Blues
381,-0.31978332297295287,-0.3810829673805291,0.46638960848744554,0.1631012411504183,Blues
382,0.6974746720351352,1.2697409275514218,0.23295800232271854,-0.6098286881609498,Blues
383,0.4976656028257237,0.039424608678095274,0.12793118293542727,-0.45474385269216916,Blues
384,-0.31935741846358684,1.7755444468005384,0.6265938991945501,0.10874389743471763,Blues
385,-1.548178392948183,0.2487219717447358,-0.23931567869203255,0.15278392076213043,Blues
386,-0.5523786497703053,0.883642575426256,-0.9828914455347957,0.2565751616745426,Blues
387,0.9847731029719577,0.45482156352862846,0.9732647151031849,0.3001161630255424,Blues
388,0.43844836715249313,-0.678328857193749,0.7640495880834419,0.3582664719713488,Blues
389,-0.14454436012820554,-0.043829910012944895,-0.3155914204845241,-0.29346517013388534,Blues
390,-0.8421515920976809,0.12035604990218077,-0.4366309716215023,0.07432171229582728,Blues
391,-0.1839410725579591,-0.3307130724903269,0.13512777658133512,0.07298976670651298,Blues
392,1.9120365397172259,-0.41545138598904674,1.1289388068564723,-0.018169089463237746,Blues
393,-0.32566795689015055,-0.5372012100102431,0.6264413396572076,0.4149845768888521,Blues
394,-0.5888323653229318,-0.5727708462754852,0.5925010406479589,0.0645342354837566,Blues
395,-0.47604951447428223,0.12341321668864214,-0.7928884379005062,0.15119507732501822,Blues
396,-0.7924074684618285,0.13370898349522756,-0.4658100829960671,-0.5374418425120218,Blues
397,-0.6041104467186098,0.37212406189166375,0.07759052277895996,0.0612948737414052,Blues
398,0.6576607836496813,-0.7526023342956437,0.5520899853490175,0.017093045059230563,Blues
399,-0.33244239691693184,0.504291391968388,-1.5226310388054387,0.13721854248144785,Blues
400,2.2357652031015682,-0.9600624361451444,0.44874461369703633,-0.12539257256534433,Country
401,2.9282606387950447,-0.5507507525681143,-1.7262830322805587,0.48712862247106714,Country
402,1.6020834957120966,-0.4281866763960441,-0.49287471023723145,0.2396078594750055,Country
403,-0.1420589437169316,-0.3371184629420066,-0.2981116267753396,0.41670440494560956,Country
404,-0.3061084871044646,-0.3607241082869678,0.06474953751367316,-0.5737173364298561,Country
405,-1.0504517465952548,-0.09767366597148998,0.016794954299531466,-0.11785021578232314,Country
406,0.39671277016014256,-0.186838412125899,-1.1692031380552428,0.02868363684137674,Country
407,-2.1560840304404003,0.08746635134327023,0.31077767283628227,0.0765377095309437,Country
408,-1.0665866906775399,-0.04020410695221397,-0.3272775551344614,0.08837613680698778,Country
409,0.1886276404198065,-0.47158304132177076,0.4184226038227945,-0.3082882915894237,Country
410,-1.1276964120567272,-0.11179761885284534,-0.06496805986142899,0.08490313366934693,Country
411,-0.9197938715956311,0.16750437027506904,-0.8768004886654847,0.28902455125898213,Country
412,1.9717861308286808,0.08532728711549503,-0.44887427401071855,0.14019508930766236,Country
413,-0.6838169864619312,-0.1454672689721649,-0.10234402732438391,0.06466767469711596,Country
414,0.6002966521241578,0.22740021241941982,-1.7616171687109414,-0.10125960912740604,Country
415,0.06404960503696726,0.012629731818670553,-0.060626976385620236,-0.4812899503276811,Country
416,-0.43527745613391233,-0.3312794146219582,0.48617754218748027,-0.49663139142515705,Country
417,-1.36277020867872,0.10571929747502562,0.054643427483699214,0.020919093560877015,Country
418,-1.3584941262827985,-0.10110856614966142,0.11436358980022267,0.0031429194935658914,Country
419,-0.7328975740837094,0.2156370923862039,-0.5039662557548324,0.2931685655550659,Country
420,-1.8712693152604938,0.3490983348008185,-0.21944333825573165,0.30083777497658437,Country
421,-1.236548774206955,0.32143028824574943,-0.37810291588978096,0.2798978071335769,Country
422,-0.9413119633286476,-0.026917902070633087,-0.32570611949075157,-0.0075424703739754234,Country
423,0.4131747490328221,0.056820727573738475,-1.4827803941995128,0.20283825428514768,Country
424,-1.117023735679853,0.12584275975081285,-0.2328955236077619,0.09548412800299806,Country
425,0.24727493706245118,-0.9370067102052554,0.3222914255164724,0.41601234985760205,Country
426,0.4737454875039614,-0.8743549393173049,0.5261246150905867,-0.2781506953998994,Country
427,-1.0902154450372394,-0.1653264411461157,0.352757373094554,-0.19664469760143635,Country
428,-0.2522967041668318,0.5977446800069285,-0.9817156855073479,0.4360521907099492,Country
429,-0.9346011571337268,0.17788328467249728,-0.4725003708665248,-0.015677497138396963,Country
430,-0.6449841247768989,-0.27822099990697646,0.10034111803803925,0.07395481718782657,Country
431,-0.6113469614294129,-0.22956304266487393,0.03300079206504453,-0.4540743078629077,Country
432,2.092423659119508,-0.9606389624987084,-0.5564128462594197,0.34648238763687095,Country
433,0.6057768316315053,-0.4612689644840884,-0.30647021852985545,-0.5087327564737735,Country
434,-0.590736905351724,0.12700116593895583,0.4088341173505595,-0.05816096551349439,Country
435,-0.508971828678367,-0.5992581722811803,0.5047390800695405,0.5322846410705923,Country
436,0.43971624850921637,0.36251122432096033,-0.2773721382625089,-0.4153879542577941,Country
437,-1.3843441417121087,-0.06438256760713669,0.01815014517824558,-0.10450188822206215,Country
438,0.8571193968065562,-0.6039553704932955,-0.012272972465706723,-0.6075069740287093,Country
439,-0.8951946761042325,0.0809999342152414,-0.21453308580732114,-0.04187631457774823,Country
440,-0.9518050979233468,-0.2155162830844224,0.10207998115216567,-0.08585842487369172,Country
441,0.9390965275934539,-0.5758301922562724,-0.10940220257063019,0.22753515080324924,Country
442,-1.4556048683110965,0.14338680028379946,-0.38699597862038,0.2675381899063165,Country
443,-1.8171440422574994,0.1591903108009856,-0.06041539637853673,0.12012917699634547,Country
444,0.5911070894735524,1.037473509046966,-0.36759237420027485,0.05844904669288765,Country
445,-0.8498882880517558,0.11342467559830843,-0.4701436649306496,0.014254820908033813,Country
446,1.5364814555024884,-0.4671552940074436,-0.3817095423310877,-0.055291522305770606,Country
447,-0.8261108225182138,-0.2765600529617013,0.28544626616712077,0.16013696925932683,Country
448,-0.2878651700169737,-0.16338713300383015,-0.2799604650981739,-0.26212690512504777,Country
449,-1.3737910375494942,0.05836561127161229,-0.12378391913573836,-0.1443289202432887,Country
450,-0.15303653126701608,0.07601351392832831,-1.227518060539168,0.2731952247305728,Country
451,0.35749260373974623,0.35627662698882545,-1.5809346305794554,0.37384269319129976,Country
452,2.2434018406061265,0.14855626630211807,-1.357505063230058,0.5952575677957604,Country
453,-0.6276146025403864,0.15424405562452023,0.10205680996653885,-0.06904182627704729,Country
454,-1.0005374552939572,-0.21843704502608843,0.09239093338928957,0.13148157488381176,Country
455,0.07929406100840218,0.5746654055414134,-2.185139398002641,0.4569198209550644,Country
456,-0.815822411600405,-0.1949421217841541,0.03463641430136748,0.1767703037543973,Country
457,-0.6890047348469113,-0.10614944532922654,-0.19048258855649608,0.15233974322937105,Country
458,-0.9511671025758398,0.013158489480985833,-0.5646618646294607,0.369643468064648,Country
459,-0.8145414884989852,-0.3590260316922301,0.27790846155959503,-0.31376126052208403,Country
460,-0.33595580859301144,-0.42646716589215566,0.3151303158618963,-0.10980040316072166,Country
461,4.394738973907267,0.1706523719801258,-4.367397395075464,1.4776780521555593,Country
462,-0.26492638916312894,0.4035715768604694,-0.024785445756421203,-0.12510281917565433,Country
463,-1.0316998086576172,-0.03164539961329426,-0.36715549431042127,0.04057062609919878,Country
464,0.6675354847489183,-0.17179117634628802,-0.4548291383590081,0.282630517496429,Country
465,0.23564024799389174,-0.23253753108857855,0.31430837750729157,-0.09683511392559963,Country
466,-0.5125687215567939,-0.22023836600347546,-0.20833630619995774,-0.2218004994514032,Country
467,-0.8283088209231931,-0.4174343852622923,0.4329115729265412,0.1061829373800594,Country
468,-0.1795104454684462,-0.12296597994808701,-0.9547414402454152,0.2812046953621508,Country
469,0.05246340513698582,-0.3826846309244333,-0.6105009552451565,-0.2776097516314322,Country
470,0.43855046788745183,-0.016182493002040114,-1.3462313159694865,0.17487852235234,Country
471,-0.9421510978890867,-0.2809344196671442,0.5243698340544517,-0.31397421838063216,Country
472,-1.0105808891399939,0.13250338797697564,-0.15446442070671212,-0.0153977390745091,Country
473,-0.7305456658998306,-0.1771482387293643,-0.04301225254450005,-0.15206960814552858,Country
474,-0.6467333128293439,-0.17042706754316134,0.0583741354823865,-0.4918340691175982,Country
475,0.13734952041508436,-0.18719138304806734,-0.08308339708566383,0.27885384342156283,Country
476,-1.0805520967318056,-0.25119629277436156,0.18265175338018913,-0.17690181237938307,Country
477,0.3452311403587471,-0.3669680969868589,0.41237823545622665,-0.2993383780156988,Country
478,0.14446317368839215,-0.16904983127541282,-0.7181803202219128,0.21796674321057738,Country
479,-1.3338169179068848,0.11807538821853218,-0.46105259634786416,0.13952800430635406,Country
480,-1.4518767868494664,-0.033456115185383974,-0.06209308483397671,0.183646544681139,Country
481,-0.39770237887650345,0.07153991040066007,0.16838015827296857,-0.2971436503211134,Country
482,-1.3472079518286064,0.03934431050946592,-0.09503301691395756,-0.01642610758337771,Country
483,-0.5794279235340277,-0.2772388430276821,-0.14643344247582427,0.1306941649301673,Country
484,-1.4033982142456731,0.11850875590357336,-0.15448454255082614,0.025290406358366303,Country
485,-1.6406505020922029,0.07580507621074274,0.10028369083797352,-0.04026925391828315,Country
486,-0.5291182445810647,-0.08090104778240874,-0.12252429244516738,-0.11231310205818017,Country
487,0.7934711843634815,-0.7091093654459039,0.13147800760738532,-0.6318350968382964,Country
488,-1.349926116058943,0.1822279193640286,-0.28187551135725764,-0.00034339056655932686,Country
489,-0.7556815029521435,-0.18164413008594602,-0.08955523571153594,-0.42450450647908133,Country
490,0.17109103209216464,-0.30880423796466155,-0.2531942802791938,-0.1559316800983866,Country
491,-1.4944354673416913,0.3495954971072846,-0.09089082436042904,0.017152713750156284,Country
492,0.4858726903087016,1.7921449034656571,-0.11791156537325023,0.2758251995909173,Country
493,0.3209289945170411,0.02122122379885613,-0.8217766490340087,0.10037216761744375,Country
494,-0.1871807007209122,-0.03965285628243811,0.1487450282943569,0.032905568546389895,Country
495,-1.4813764480089624,0.16604170855233527,-0.5436328683608744,0.3070922206386488,Country
496,-0.6350983792360397,-0.40681996758637834,0.6470648512422188,-0.06516642733038565,Country
497,2.681266937297741,-0.7510422736366352,-1.6734093192282853,0.31532971333925985,Country
498,2.0206810756570484,-0.7770369470357872,-0.34684420390481274,-0.20984645011709446,Country
499,-0.7912510825823548,-0.46481542358653594,0.42081514156510097,0.027965850353039567,Country
500,2.084200670798666,1.007728009573638,-3.5347236090874348,0.7053249511258997,Reggae
501,-0.5021775706841582,0.18688270649139346,0.01915361942959674,-0.10262528892580694,Reggae
502,-0.0323896869952498,0.19381952100552488,-0.2977283908125606,-0.022452449475762682,Reggae
503,0.7856687827363203,-0.6458341053331845,0.6590004448530662,-0.410996212406642,Reggae
504,-0.038428535845681414,-0.5162327972231397,0.7138954741993722,-0.24949077759312638,Reggae
505,-0.8532369745957249,0.07897643040554146,-0.040788587108401365,-0.2870516617376897,Reggae
506,3.7834294802214394,0.380429534428734,-0.43058338893700887,-0.1499116283679452,Reggae
507,-1.0570120677767723,-0.1908142824284222,0.07896236160910666,0.08957208912015988,Reggae
508,-1.7560848579917938,0.14318745282932657,-0.15670090798755754,-0.017440194935076793,Reggae
509,-0.3602359267282806,-0.27332211591321426,0.08023355977637181,-0.3088598282837776,Reggae
510,0.3859963348600019,-1.0372606409263199,0.9275395228110608,0.613729353713841,Reggae
511,-1.2876460034593464,0.12229673240065328,-0.5472640949728812,0.13316350757132628,Reggae
512,-0.25408452505225787,0.023583896597410503,-0.29877180545626947,-0.5726152016943463,Reggae
513,3.1998431936943956,3.8020746855752576,1.4178987209820173,0.5236135683299432,Reggae
514,-0.7524760904037953,-0.08203937594441563,0.18581468334120388,-0.042273531080260024,Reggae
515,0.788964126178593,0.20744348598725232,-1.9434931006391336,-0.08130969831143177,Reggae
516,-0.9898538136003506,0.3203862905587468,-0.21686867896188028,0.0031873845911873974,Reggae
517,0.1999974993644826,0.020774035141275488,-0.26260749031223024,0.010406621164118467,Reggae
518,0.15173031945776058,-0.7973691101039466,0.23921770106643128,0.2769205796426132,Reggae
519,-1.426032171496629,0.5581622855746481,-0.19669491900425995,0.09989629262901624,Reggae
520,-0.7684120869171702,0.07066989882887946,0.13025100090503441,0.0015459087051831104,Reggae
521,1.3994139944555297,0.5924015608517254,-0.8345403254596693,-0.11746574896312,Reggae
522,-1.3957878710194214,0.06185594233688149,0.005693852514673318,0.02100910243647373,Reggae
523,-1.0599530494732716,-0.00920164865108413,0.10477654621453153,-0.1411175893533602,Reggae
524,-0.41349113404165694,0.14269995216034975,-0.02905084198914553,-0.18070552471389384,Reggae
525,-0.4827528233555132,0.31157546236762595,-0.06626285518607958,-0.05178230274547936,Reggae
526,-0.17543343678955886,0.09456216715180843,-0.8054820861478991,0.37066864594255095,Reggae
527,0.7621778661728741,2.100480271320557,0.5932286651833857,-0.18799003536576195,Reggae
528,-1.2699234761532263,0.5789331407928221,-0.015456349114645296,-0.06633650313502942,Reggae
529,-0.6304721413720409,-0.028378915150852873,-0.02919496557410127,-0.1089126349151897,Reggae
530,-0.03070035406410886,0.9146438835033972,-0.7699229418895895,-0.018286238759802467,Reggae
531,-0.4927498451352714,0.8414189562742446,0.032380675730932375,-0.14422570575229146,Reggae
532,-0.9837966130007035,0.3248010169005757,-0.28251365360108077,-0.2172166090952954,Reggae
533,-1.1914355376855608,0.009209726192220309,0.21076063516112079,-0.28542410142982866,Reggae
534,-0.2468770185659464,0.17802021673359508,-0.7394470152964863,0.36440878987155134,Reggae
535,2.9775508899465866,1.4045613631708411,-0.43338948091138285,0.2958801073562178,Reggae
536,-1.2558542458128785,-0.002558914016708827,-0.012745973443168853,0.3032727276678786,Reggae
537,-0.3962213396503524,-0.4093952406673807,0.18962699176589984,-0.08953862075020878,Reggae
538,1.0010863571209259,-0.2066599438908431,-0.5330643661946196,-0.43973804451826076,Reggae
539,-1.7136104720540777,-0.048663394355150616,0.3181915227904417,0.12732182700778547,Reggae
540,-0.2647263656918271,0.4015924732212537,0.05872567324809805,0.15264088948718252,Reggae
541,1.413813324167355,0.5642515524197859,-0.45581393967310146,0.24621698684831844,Reggae
542,-0.267801995775578,-0.39772357196205,-0.04570674310900152,-0.7269069169075922,Reggae
543,-1.3882075611880942,0.14039793721440746,-0.18022920412986712,-0.05499133338436033,Reggae
544,-0.7229333889732371,0.399734852545858,-0.29965115885304106,-0.06451347549632551,Reggae
545,-1.2555135168763576,0.2030742244163224,-0.5758500875181387,-0.012718570201244447,Reggae
546,-1.3451457274068392,0.22474486233353372,0.008912286131021078,-0.09846379376907095,Reggae
547,9.894711438715799,-7.906346595184398,5.3459611769953685,7.07926028209539,Reggae
548,-0.03752937564173788,0.08464089125490462,-0.9285546990937236,-0.20809925840345508,Reggae
549,-1.3449566476046646,-0.1379166945662193,0.4795377366890151,0.06978462478414192,Reggae
550,-0.6383314013640211,0.10571135366808991,-0.2242906334502164,-0.22358631681520008,Reggae
551,-1.1154288250559838,-0.19382840666671639,0.03683819466731782,-0.091156422506435,Reggae
552,-0.6832087734923229,0.5210830480479374,-0.3159576062311047,-0.32627087074687217,Reggae
553,-1.4547212365857034,0.23723256175107293,-0.19771420363906617,0.0830746394185012,Reggae
554,-0.9442600984928746,0.3170400508464195,-0.2499359004480014,0.06472948633005728,Reggae
555,-1.1655561017274354,0.13057763806134873,-0.3552086396920872,-0.09241963120450672,Reggae
556,-1.3807681453183493,0.09455793738939401,-0.06651430061534387,0.026611519408813285,Reggae
557,-1.5143281320845543,0.22742239523104935,0.004217662545091394,0.1184663006280997,Reggae
558,-0.49705891860079243,-0.0009060565936156309,-0.8410756834636508,0.4291503505661544,Reggae
559,-1.0736700251554117,-0.021419738319928494,0.005474003809273851,-0.10442920384955458,Reggae
560,0.5371250975403706,-0.707345794867997,0.38381435208678316,-0.5322851756846847,Reggae
561,-1.4967724992297808,0.33446135129338,-0.16419703426244936,0.2070650951023018,Reggae
562,-1.747540051282998,0.04614979788606471,0.1446882087812666,-0.020896902962283213,Reggae
563,-0.99246495276687,0.130982095813182,0.10275834044455756,-0.1389946470952603,Reggae
564,-1.1258181491153774,0.3757995755415874,-0.3125278893861532,0.01891570216200304,Reggae
565,1.885704978194268,0.7625860062744475,-3.679104402784196,0.5970550265889145,Reggae
566,-0.14593499684503014,0.13328611815783936,-0.330356335622893,-0.02139407877534924,Reggae
567,-0.25787891049022893,-0.05738431451686028,-0.2863731543064176,-1.096880230218226,Reggae
568,-0.20654873943877897,-0.3437384124970629,0.1401167114832224,-0.2723836692543527,Reggae
569,-0.5572056904877889,0.6246589031387391,-0.3347297401676947,-0.31062364240327994,Reggae
570,-2.014638417438173,-0.006302908637660329,0.4021584598870012,0.2459331757189257,Reggae
571,-0.10364672406826285,0.13815935796908088,-0.23262535985153965,0.2618423782652088,Reggae
572,-0.1130479658756939,-0.04300913425049397,-0.2080156001931021,-0.6513342658203594,Reggae
573,-0.19167544134561193,0.7670654672116736,-0.03509377535756028,0.06258207045034359,Reggae
574,-0.6777301749210092,0.004625092870230161,-0.24948928613371268,-0.3490807567672675,Reggae
575,-0.9957655256744258,-0.029297198859731737,-0.3348101632516112,-0.362411665346013,Reggae
576,0.021863493499644844,-0.14598683428214074,-0.13129087920075072,0.008901732163007475,Reggae
577,-1.0487683384667175,0.36982381343546544,0.07406988319568895,0.1022376860691162,Reggae
578,-0.23204348627382415,0.08604874870867923,-0.357151690840227,-0.029729074159520193,Reggae
579,0.4557215702170811,-0.3630764870902389,-0.32523164356642514,0.110453216989506,Reggae
580,-0.5961158397210151,1.0365179478597395,-0.18709102798334873,0.3088152938253952,Reggae
581,2.5862207811572553,-0.8406338512974183,-1.7103803532649324,0.7321944278532475,Reggae
582,-0.39199454363721264,0.15539326829208627,-0.48380604467622224,-0.06752922588730303,Reggae
583,-0.22861223720340035,0.16002278341066448,-0.8770241029073853,0.028779237165230325,Reggae
584,0.9092874584825982,-0.4516837254315584,0.1966033757487568,-0.17347799180906398,Reggae
585,-0.6741262720485024,0.8158971805884608,0.016761222130914237,-0.06244223726737232,Reggae
586,1.413813324167355,0.5642515524197859,-0.45581393967310146,0.24621698684831844,Reggae
587,-1.0491974110059514,0.11332040765289188,-0.4271269939975671,0.06532968246389394,Reggae
588,-0.09202750883176303,0.303487426025512,-1.0043359900342042,-0.17646215928050252,Reggae
589,-1.4376440252137734,0.11829820174964818,-0.04330399434062099,0.10424356389962271,Reggae
590,3.219465910253719,-0.1733284435592862,-1.7689408417542056,0.7406254691709088,Reggae
591,-0.6763000972897819,0.0745081562690427,-0.15409626047475927,-0.10941570534872144,Reggae
592,-1.4703210227521224,0.28367628266191947,-0.17734344942128738,0.0008297187361137283,Reggae
593,-0.9778161315078956,0.11866106207668974,0.052086937091163445,-0.05439134821534889,Reggae
594,-0.8900527203987,-0.2611133247926982,0.5610973121175492,0.12257787191727416,Reggae
595,-0.37735653594360646,-0.37152989364971334,0.05547623556147464,0.002908514915042316,Reggae
596,-0.12784094402776525,-0.4394261025283143,-0.2320419340759744,-0.18700719849364092,Reggae
597,-0.43512073254341554,-0.44863225748406205,0.03964922604378428,0.02732721577798715,Reggae
598,-1.0241910012682878,-0.05256282869694823,-0.31512792492733155,0.1813560831944943,Reggae
599,-1.4690367893855625,0.30842819343917993,-0.15802731005286255,-0.060911941429270464,Reggae
600,-0.5601360808348743,-0.4980317539576037,0.49580350322294336,-0.20389985212077585,Disco
601,-0.8476737310268863,-0.21785937124437968,0.014515778104672987,-0.26810359388792576,Disco
602,-1.170137232370281,-0.3697855436802239,0.569361754695013,-0.04100029018193759,Disco
603,-1.058772239451125,-0.023434987074039345,0.2310594095060494,-0.0013546686521224453,Disco
604,-0.7974468717020027,-0.21695798276497316,-0.05443109770442463,-0.32674146349153493,Disco
605,0.0011309894148015562,-0.6137757360143804,0.07705920302046038,-0.2981998816652338,Disco
606,1.1982295617194347,-0.43709062274158833,1.0442970818036947,-0.414518781427583,Disco
607,0.9214239735765809,-0.7335764958097513,0.31876892454463257,-0.24587883185101903,Disco
608,-0.017144493400951942,-0.9179208655913986,0.7878241708087004,-0.2677471158608371,Disco
609,0.8195414409380629,-0.5343048443813243,0.1337908891017286,-0.617769944050299,Disco
610,-0.3639944993923334,-0.42187762952707275,0.2375617724140018,-0.09277534200147332,Disco
611,0.08542890101775039,-0.7132787508456282,0.956999204075719,0.2562682865872161,Disco
612,1.8485484241801908,-1.0424808608381764,0.8125874822472411,0.1422194874775678,Disco
613,0.5854479822377613,-1.3989860118168813,1.1152963599772716,0.6183487030080147,Disco
614,-0.32374545411736716,-0.2165434522901587,0.2642489847893966,-0.09683797434126784,Disco
615,0.010882727907745677,-0.011046600030227817,-0.31360841743699525,-0.3041559324557935,Disco
616,-0.14507779052782738,-0.38023610669310876,0.5925746283812777,0.15187521579517002,Disco
617,-0.6315886902704765,-0.22671553080780307,0.3020089942550442,-0.5488892034781927,Disco
618,1.5497656030374183,-0.8184487697423011,-0.5903318821686059,0.7698965770672135,Disco
619,0.14186758503483377,-0.4792376581866792,0.9304180723066843,-0.18305636718780682,Disco
620,0.9460730495448745,-0.9916483205316948,0.37481036162128173,0.12486728215672069,Disco
621,2.073849039891481,-0.7062081170847784,0.8640320765049747,-0.4267089030720523,Disco
622,-0.5628722107189269,-0.26736959156648854,0.4411734062921624,0.11101963124681553,Disco
623,0.9027473274614459,-0.5730034669962919,0.24040528441099715,-1.0649304792273533,Disco
624,-0.8380153116960517,-0.014903335642431634,0.05258516727243976,-0.36933415180164075,Disco
625,3.253302381365889,0.27031046258671254,-2.181312687566368,0.3584602152831878,Disco
626,-0.6212019030939283,-0.2526331714798855,0.1410642421156847,-0.1986069332500436,Disco
627,-0.41096920824278443,-0.23012374311412928,0.4972918622131874,-0.20939548785038667,Disco
628,0.32623909388520556,-0.15326400158603165,-0.15129026082422703,0.2815577573919659,Disco
629,-1.310422255264009,-0.05970326207210856,0.11369812555627147,-0.07001423806662402,Disco
630,-0.41096920824278443,-0.23012374311412928,0.4972918622131874,-0.20939548785038667,Disco
631,0.19940342065108996,-1.0446948708305102,1.0272169345308109,-0.23964281584312275,Disco
632,-1.0128436862584078,0.09938039695232927,-0.0441501133369117,-0.007135386222861284,Disco
633,1.3264152791312003,1.362709304274682,0.7579623595253694,-0.6987841960495841,Disco
634,0.3044338132765947,-0.2362787837655095,0.5939314528222581,-0.6346168920253041,Disco
635,-1.6538696728163191,-0.03958059066296166,0.17022712482706936,-0.06214580863950449,Disco
636,0.07801036307494581,-0.28923001256462105,0.16066370423837292,-0.8326929052253239,Disco
637,1.4449518341817744,-0.5186472200510832,0.0809327101779733,0.1243818127195514,Disco
638,-1.1070047123382598,-0.2773160900349397,0.46919081532094914,-0.17936478387156662,Disco
639,1.8593782825026668,-1.1441342157973051,1.1414625056849537,0.12055372781925433,Disco
640,-1.527635779706511,-0.0067500784279190505,0.3139744326748014,-0.07569158982126319,Disco
641,1.3354064630366873,-0.9315639840557776,0.5977285122751126,-0.22671258746294148,Disco
642,-0.5108938862134514,-0.21132760104429368,0.493686178144784,-0.08766566841637984,Disco
643,-0.27137000401935735,-0.5532084816950213,0.6296326522798573,-0.08012409060264371,Disco
644,-0.9221532925016268,-0.21005339186379135,0.13007906227051966,0.06577019343116434,Disco
645,0.15782177822423443,-0.9103698434865285,0.5858165223877582,0.1492128011881564,Disco
646,-0.1401090030999965,0.4366607761716445,-1.328963490976619,0.267113539639202,Disco
647,0.30752069238521107,-0.5389018734659916,0.39908592301464174,-0.6286698416090695,Disco
648,0.7660383746226956,-0.963749674087151,0.4449692193777619,-0.6973373473432105,Disco
649,-0.4970922833419526,-0.2078106253899016,0.1306868473093768,-0.6963345249284553,Disco
650,-1.2118266822002481,0.3010273205403294,-0.10855726699599212,-0.055813202804556,Disco
651,-0.26888758723594836,-0.7119334688083528,0.5839585409040835,-0.5821686040140565,Disco
652,-0.6652091629148046,0.004633151589255998,-0.06221176439275046,-0.23050001828118966,Disco
653,-0.5444698976682151,-0.4481901386205762,0.3105175154516481,-0.4364672808871496,Disco
654,1.787796097157348,-0.9329582106837367,1.1707946115340624,0.42298349938868296,Disco
655,1.1770261725191484,-0.43638939395283777,0.6222119748949387,-0.21032328536912667,Disco
656,2.0807005574751174,-0.5478832572065848,1.0618929689588297,0.6956550901625443,Disco
657,-0.3763766067920471,-0.3848208929288635,0.6516478176036322,-0.3169755888020678,Disco
658,1.166974583898995,-0.9209806398983212,0.8025686345186415,-0.33244837083116174,Disco
659,-0.17855148913569494,-0.634599301471174,0.49125745373567686,-0.5172431580864816,Disco
660,0.9566299523079184,-0.9752156397435047,1.192787734809321,0.07841980152580993,Disco
661,0.2722076446943395,-0.682169341361643,0.3946094860381151,-0.328529386217708,Disco
662,-0.8427874441397014,0.16973424749982788,0.19652490394923247,-0.010119344103428627,Disco
663,-1.247723402051488,0.04216007835848934,0.13650754876863563,0.009802857581495064,Disco
664,-0.5189943842599635,-0.4179134775592801,0.695432672176122,0.22098189392307838,Disco
665,-1.4501191682063055,0.07906483847307953,0.15494331895899038,-0.1588601972953634,Disco
666,0.6558111475321762,-0.7989863520546392,0.45688288957427536,-0.3902920977769573,Disco
667,-1.3018854310293981,0.023048737761707055,0.0069452626632271995,-0.10711453928399063,Disco
668,-0.609524414296678,-0.3619716725409791,0.47790706301000474,-0.060865673181826146,Disco
669,-1.0170765199821565,-0.04214871043344248,0.4390437331474305,-0.5526852501500347,Disco
670,2.246318292195201,1.908752428325129,1.4090925708739603,0.4125517873418362,Disco
671,0.8696311297824707,-0.9259439559285746,0.16642204163586535,-0.2032301045807875,Disco
672,1.676537008083367,0.3036968190998001,0.3702310389429784,-0.6752360315498999,Disco
673,1.2881057006250807,-0.2534379552104491,-0.041769817458588224,-0.29203659489355266,Disco
674,-0.7233045757865998,-0.21133415543603368,0.14750357658587349,-0.20215331682894733,Disco
675,0.13326588814208934,0.2798410838469777,0.28548533801203685,-0.4593959873604322,Disco
676,0.6708916814563357,-1.2730837384885867,0.6650833071012752,0.4468768122754572,Disco
677,-0.3952122358007929,-0.2028459638892116,0.565342102472184,-0.014038975166490745,Disco
678,-0.13302628072552175,-0.4077052299021603,-0.14611071885919724,0.32731678948079124,Disco
679,-0.8615114634126565,-0.29619321985078323,0.45031681677686947,-0.17929800829737963,Disco
680,1.098892110856702,-0.30564658409966167,0.36229246840014256,-0.21661236841450557,Disco
681,0.1861508959289001,-0.677145583408626,0.2507649510387508,-0.09761792157530892,Disco
682,1.4152595058836819,-0.9085655222933673,0.1303726579366494,-0.05880227698136161,Disco
683,0.3984754653414182,-0.3328510502862084,0.24555101982202643,-0.546573526859553,Disco
684,0.9336398969987405,-0.7555558483695314,-0.06799787533680278,-0.27390211057124897,Disco
685,-0.8300736771234283,-0.08363916772145012,0.12729120164873184,-0.2756727428656892,Disco
686,2.139867112169254,3.033473995694791,0.8484475632892123,-0.09283220645787145,Disco
687,-0.6880768148061829,0.2854493400231553,0.27097471442907567,-0.433989114338234,Disco
688,1.4989159938871115,-1.2868993429402669,0.9324570407796047,0.061538252156308704,Disco
689,-0.5060160022968392,-0.11845329284390846,-0.2656662009851204,-0.29114905344403064,Disco
690,1.7114783727708551,0.9340183574335865,1.2512129531752827,-0.2961496531029775,Disco
691,-0.15517653802776238,-0.29685863127685075,0.5057812875151748,-0.14469283759709556,Disco
692,0.41310027183655995,-0.5357145359373995,-0.544401716447572,-0.2896201403642674,Disco
693,-1.6635673653300365,0.15337257964913598,0.15832598637419798,0.011976623306442601,Disco
694,1.771174391714905,-1.3231699500298821,-0.20759726253314878,0.49272529800740456,Disco
695,0.030810225034602196,-0.4953406119407023,0.728026357802256,0.3851717074851961,Disco
696,2.0565877135582564,0.4450869643054402,-0.7989070766826175,-0.07321525466834529,Disco
697,0.13434684848156003,-0.4976745899754326,0.35992879682741347,-0.08771415595833056,Disco
698,1.4113742303117636,-0.7953264275625045,0.7124122013312695,0.15128300056854357,Disco
699,-1.6894190918016954,0.09215496121428393,0.3167513693082535,-0.022681322063173668,Disco
700,3.6087136011658516,-1.158934052387231,-0.2327558930886376,0.6261352487329445,Pop
701,1.687426838761176,-0.9976056957342248,0.15381542201116247,-1.4685148120122402,Pop
702,2.615321345445397,-1.0300218137206967,0.2911586957209064,-0.37490269769712964,Pop
703,3.144575545924768,-0.897731800508264,0.7779340348611623,-0.304481093166536,Pop
704,2.7314790364115944,-0.7704439300850356,-0.17461752955070511,0.5356591769606812,Pop
705,2.063495125384001,-1.2641864962104261,1.0117552262407377,0.07916523079233137,Pop
706,2.683554117356838,0.053185970231601355,-1.7229650226035627,-0.511192338382846,Pop
707,2.3887995464814695,-1.1763174036175537,0.8935686892864081,-0.9417899450271563,Pop
708,3.7182197294133537,-0.40698521886675076,1.3699153095445888,0.12775406885502769,Pop
709,-0.3708179348732094,-0.11199740337353181,-0.6416232462543067,-0.012334804493735014,Pop
710,4.302086248155541,-2.9214124310192435,1.433589419604469,0.7230918761092477,Pop
711,3.2190110115758777,0.5548080036827109,-1.1157853303943306,0.3418384194143684,Pop
712,1.227057084236416,0.5323194146589784,-0.09648168576097724,-0.5207432471591197,Pop
713,3.821430422139441,-1.4207545939769595,0.3700757893924043,-0.3222584455994371,Pop
714,1.7878083320869649,-1.3904460149039206,1.1547133810018138,-0.27077317049350696,Pop
715,1.9098855764136282,-0.9738689112131085,0.31033746920172384,0.11378243723155704,Pop
716,1.9841119905867954,-0.42817562202648646,-0.14403654727653617,-0.4401620093154023,Pop
717,2.7552887656816907,-0.576912498948773,0.48503959664183005,-0.27729208311229187,Pop
718,4.128586300635941,0.6002867636093954,0.9650424499659417,-0.5590295804302997,Pop
719,-0.04894322345285739,0.19410666451862027,-0.7133453343683338,-0.2724848399462646,Pop
720,1.670353032438682,-0.29566578742639243,-0.3719508833485057,-0.8593257635820781,Pop
721,3.1244762499612424,0.6704898431482151,-0.9549902760296339,-0.7190180922023364,Pop
722,2.279094917779807,0.11454670239314683,0.21811083726128083,-0.8900228691290437,Pop
723,-1.2393981543526427,0.2328678634559479,-0.45789942306318043,0.25314847703156573,Pop
724,4.012570136415239,-1.282217358326104,1.1259382288638629,-0.8489466139731565,Pop
725,1.6569581769951924,-0.6153865432049732,0.4957041759586352,-0.30966912811799974,Pop
726,1.6856874314411618,-0.8016843367814271,-0.27992346941786195,-0.6007614679596858,Pop
727,3.1244762499612424,0.6704898431482151,-0.9549902760296339,-0.7190180922023364,Pop
728,0.918305851810926,0.7957039214692978,-2.6634348936503107,0.35216269012414164,Pop
729,6.3445657876604376,4.2208779681716715,-0.1156547794056562,-0.42607930782546855,Pop
730,3.736239368567138,-1.7236595997707211,1.6114111916820664,0.6125373149787892,Pop
731,2.231930110463588,-0.3105419072876518,-1.0334979626908833,-0.0350852986267228,Pop
732,5.321508193050015,-2.2023237730878655,0.8195059830349691,-0.22032398547491394,Pop
733,1.7235374039650448,0.143868264246262,-0.15063348859404338,-1.0605050916559795,Pop
734,0.3681262515217661,-0.6339089049842435,-0.046237882856331285,-0.35974699828196927,Pop
735,0.7408924682122675,0.3562182657518929,-0.9396085670115741,-0.20198911525041977,Pop
736,3.0303901821018604,-0.43708676779802963,-0.1530915318913202,-0.1975928518599999,Pop
737,2.3788718312564376,1.2172857148927765,1.4854844899926856,0.03741515255169948,Pop
738,3.0951956521470767,-1.118378107323691,-0.3238597389578194,-0.06353771367106097,Pop
739,0.2666429643386906,-0.19850354041623147,0.7232970591251607,-0.10027780249643675,Pop
740,-1.8838855303992177,0.1302339806982139,0.22138632058848062,0.10045687035367848,Pop
741,2.1893896914562547,-0.9440180383733672,-0.45062927587015206,-0.15954973111141343,Pop
742,4.801209632022725,-0.37283767135306833,-0.3187412116795182,-0.11194453769510054,Pop
743,1.6648041304274888,-0.9876800195106583,0.5670551401821871,-0.6512884591827517,Pop
744,3.855451869160964,0.3317409388957939,-1.0854643041930527,-0.1789405477292193,Pop
745,2.272272223653398,-0.6670927154421947,-0.7805041027845286,0.11646935169356437,Pop
746,2.522522704658558,0.01441496223960304,0.16069548316220253,0.2047818623558872,Pop
747,-1.2440189825628751,0.4779896183503848,0.44084431994924406,-0.10699420249713866,Pop
748,3.973906096090186,-2.015074193194932,1.4736157210307979,-0.5407466125430465,Pop
749,0.9982551501449353,-0.5713665602672835,0.6254771365535773,-0.018839192463923314,Pop
750,1.2280270916360854,-0.43706037110633933,0.3568943721046565,-1.082083301960785,Pop
751,2.2783240389814443,-0.7983200404641431,-0.5243065892146942,0.21795519051213852,Pop
752,2.331401724671052,-0.13495708347904392,1.4064626773996665,-0.34909273524417306,Pop
753,1.5687390817665,0.12520073218121036,-2.3128378915185888,0.833500102237145,Pop
754,2.3632857118322015,-1.2027210849755487,-0.36044888425445604,0.14021344458537416,Pop
755,1.7250472212986843,-0.5759029688686355,-0.8967093159686103,-0.1968976305192538,Pop
756,-1.0780950155732794,-0.16695638581625052,0.29167383477655356,-0.0969966621333855,Pop
757,1.265840652125806,0.950919950616016,0.49314249434668656,0.1270176325585071,Pop
758,1.3203171903257507,-0.764543019001691,-0.13164393322461537,-0.6776040491578461,Pop
759,0.016743022003585652,-0.36689830219867636,0.09099017261554528,-0.2990962787504819,Pop
760,4.413350713529614,0.4882834527302482,-0.17293417898681007,1.3431216689697862,Pop
761,1.744547948335892,-1.119172851127619,0.5652595174775318,-0.4585743240473863,Pop
762,0.6082253506221434,0.17514485240875194,-1.3108278774168058,0.2898990883777298,Pop
763,0.2728884791201358,0.09485949727419427,-0.3047919873539615,-0.7063709069869359,Pop
764,0.6690626606384997,-0.19327505401170605,0.5430658423453139,-0.47272457975889015,Pop
765,2.600953627047428,0.2050075691558567,-0.9697243754283329,0.5451310687069078,Pop
766,1.7822045723975346,-0.025255714259040836,1.2206778989326823,-0.2943697588995072,Pop
767,2.650493340779757,0.813630517322412,0.23003571385471208,-0.6891781999876307,Pop
768,1.4612387615784062,-0.5907857642302139,-0.3556129457017551,0.730981166354719,Pop
769,2.9977763512516877,-0.6189199083973845,-0.11407157869782968,0.11044294906345303,Pop
770,2.3355253511717895,-1.6742846676274286,1.0677989994308559,0.16365958919503729,Pop
771,0.35809530940787115,0.4887955583795755,-0.5973484371533606,-0.11563644047678935,Pop
772,1.5891791658429535,-0.9968756898918137,0.7142790229521823,-0.4192394601793864,Pop
773,0.14692691556644394,-0.31708079899877056,0.15443568366362467,-0.6552598098150837,Pop
774,-0.6876715622166899,-0.0007443255518188709,-0.19218144190347372,-0.2611569589381322,Pop
775,2.1107298520870845,-0.461167693520278,-0.17981229265714882,-0.37348923718637767,Pop
776,1.5578881505708846,-0.35934944675042,-0.5744438574013221,0.19152992699270566,Pop
777,1.0855408994944804,-0.7262920538193032,-0.015341650538569911,-0.9819367947259107,Pop
778,2.1244380672577226,-0.9794827725414398,0.13514136580367472,-0.869962149240831,Pop
779,2.0469960591840373,-0.08830637012557147,-2.027797950427165,-0.3980154481120451,Pop
780,1.6505014019274529,-1.3284556751472976,0.7479371917954618,-0.24646398371374528,Pop
781,1.6647993127345337,-0.1560300548227864,-0.3894813749469031,-0.24317385897581667,Pop
782,0.6012264837170904,1.7609733938551362,0.4571451960580661,-0.3468570338289108,Pop
783,5.2047989845142535,6.9784155838324615,1.1643170854418148,1.640667531901771,Pop
784,2.631380714415089,0.9395559656028476,-1.7909714169566733,-0.5789381378482569,Pop
785,1.3492921604341872,-0.3392830638462605,-0.45908992636653995,-0.29046616819307747,Pop
786,-1.1732867696157396,0.19951679325238972,0.12746840037113974,-0.23072916832076584,Pop
787,1.3669659322325465,-0.5446786772580812,-0.7178920483873104,-0.06454793658370775,Pop
788,2.5404587350163097,0.29953479741748934,-0.3357899358411547,-0.8925171832340568,Pop
789,1.9098855764136282,-0.9738689112131085,0.31033746920172384,0.11378243723155704,Pop
790,-1.4990983268388736,-0.008013821346952592,-0.07738908268774575,0.2545906871524253,Pop
791,2.5676408498373693,-1.2122740609968183,0.0050785080831179845,0.006827196894516991,Pop
792,1.1504242856855016,-0.19815050695974226,-1.0895732427928266,0.06133623856109265,Pop
793,1.596166998810796,-1.3097489691284212,0.6808709333458299,0.2180741665545778,Pop
794,3.922166796492693,-0.030420917873151467,-1.2776541881176335,-0.1491340979141875,Pop
795,1.0747204309085545,-0.6725775348317944,0.2488908389325764,-1.01072014203381,Pop
796,2.400231985579434,-0.436721878879606,-1.4871952952086,-0.43031476144623876,Pop
797,3.2465304984923717,4.297202760586114,2.2240663486841608,0.5345727711998682,Pop
798,1.3260757001058037,-0.6247559421400621,0.24794142020931936,-1.2868768490702922,Pop
799,1.1945264246409173,0.9196668922086317,0.4237617412366433,-0.6064501919879823,Pop
800,-1.0913487577916339,0.0942927868099119,-0.341802033709537,0.25075799491681594,Jazz
801,-1.7277756755677092,-0.01638210784594468,0.3000833624246442,0.13952275722521432,Jazz
802,-1.5532602586744464,0.1616189795606712,0.17194625998411567,0.2654688822423822,Jazz
803,-1.485330982056337,0.08246790819270501,0.07466715265907264,0.16664110321729236,Jazz
804,-1.6313829921034582,-0.015300809485834411,0.22191253504170905,-0.18341730060400985,Jazz
805,-1.5813668243190075,0.2520349687946183,0.015955910040374232,0.09440577223269178,Jazz
806,-1.9192570704960876,0.189655290603209,-0.05372887201082479,0.30418073873342394,Jazz
807,-1.956050281494037,0.08104865066884084,0.13177516008304233,0.054777871246041915,Jazz
808,-1.3945699684375443,-0.25929887058198137,0.5199748870525457,0.2452061782208049,Jazz
809,0.13077818983924258,0.09978761994128095,-0.5187272928350544,-0.20437565183602677,Jazz
810,-0.7482885213594973,-0.0015893650269665522,-0.5910237193008054,0.24677508225586128,Jazz
811,-0.43212914880767317,0.054717939869812715,-0.2847566588688895,-0.09100546278318333,Jazz
812,-1.4532430384705555,0.17401566028774768,-0.2917305922553113,0.17226110463984448,Jazz
813,0.0069539772369694485,0.02840852784445253,-0.07452110572314587,-0.26955718564971487,Jazz
814,-1.897458251237455,-0.021205079660010805,0.32416439386820334,0.14103536240710002,Jazz
815,-1.280097798362675,0.1011254501248209,-0.3617524085603358,0.2742290881449695,Jazz
816,-1.8606990274862178,0.13642289606503485,0.04672818172299098,0.1473064039063187,Jazz
817,-1.7597892287476786,0.08476967284836763,0.1355712372916973,0.19721774761956734,Jazz
818,-1.7898987467425473,0.11510814612096608,0.037390147593657365,0.14519624108527188,Jazz
819,-1.0408789676003347,-0.33471626451849196,0.33900292502652246,-0.10289907306119422,Jazz
820,-1.3730163630309442,-0.21404777764543567,0.4015295043798754,0.04088026732789068,Jazz
821,-2.0530980830589143,0.074058788483083,0.2538763346154742,0.06853738351348328,Jazz
822,-0.3913336701383393,0.3295785865909911,0.40111379152182647,-0.10294945939077813,Jazz
823,-1.67232905426228,-0.08883444712742648,0.43034651516165434,0.20414808105060864,Jazz
824,-1.6610998047676346,0.33810147786168787,-0.06854185884454175,0.08631605560352443,Jazz
825,1.836033965394366,-0.7392079671475008,0.472438157125429,0.6897293234166525,Jazz
826,-1.128299478306941,-0.14328384525079377,0.40201500754156677,0.10154272011998108,Jazz
827,-1.2593355834169067,0.13039770587201807,-0.11480343336458536,-0.22663639653568896,Jazz
828,-0.8513847812646703,0.42456597904384596,-0.5429263832321909,0.07725144316091237,Jazz
829,-1.455123968987664,0.34415267283649753,-0.716130644929419,0.4322949306739411,Jazz
830,-0.8615760086132828,0.42905388798235455,-0.5458871372958377,0.08961207872751777,Jazz
831,-2.29773019050743,0.18827481496124354,0.3000653237078528,0.18261766565816076,Jazz
832,-0.1434787759450921,0.4043231237825005,-1.0899259168184006,0.24747268086277222,Jazz
833,-1.4095235794698393,0.03221976521339092,-0.1013366142118932,0.14040164558551083,Jazz
834,-0.8884257754364141,-0.08742137538306695,-0.14279617824157287,0.23663671151140028,Jazz
835,-0.5351231940863637,1.8573871622741953,0.6456948294154701,0.4635403353554351,Jazz
836,-1.5341828372397641,0.24396720195590776,0.016998257540004443,0.08276090251076144,Jazz
837,-1.7446417880956813,0.048596946606188914,0.08643688195615767,0.04836198345381347,Jazz
838,-1.3695419320657987,-0.21311664018668633,0.40189728766492794,0.03431127892747774,Jazz
839,-1.4805738371256072,-0.12613123395500125,0.3148577719711606,0.08774287619951215,Jazz
840,-1.9234867064042096,0.011391530528507655,0.3028373964588314,0.058722389746898196,Jazz
841,-2.1407345206186976,0.23922808422370861,0.16549949808365552,0.14696919326272537,Jazz
842,-1.8034234872398929,0.1968934098346451,-0.11465400851975309,0.31589960428773184,Jazz
843,0.593466643563083,0.09700547963559034,-0.9634993045143245,0.10732917919737682,Jazz
844,0.03915054366489688,0.9367329473057671,-1.3043090397914907,0.19582222626354734,Jazz
845,-1.109433002658574,0.1772292637980475,-0.4110139807616253,0.24251222204493583,Jazz
846,-1.2371030979867101,0.06110588033327481,0.034823449469683194,-0.01008859163290577,Jazz
847,-1.2436764879463844,0.22242777141607473,-0.20632838227505085,0.27323924505771746,Jazz
848,-0.4011300431361761,0.37815084529491305,0.085540076428612,-0.29459309450012755,Jazz
849,-1.555006037206445,-0.007446344163784432,0.07431910047128203,0.11488763248913922,Jazz
850,-2.2218072596861638,0.1716126381801063,0.11002578213269437,0.2508532751343387,Jazz
851,-0.6765680033707661,0.18706887364942862,-0.17605299420196627,0.19603418391870267,Jazz
852,-1.5901513701346446,0.20030165369700131,0.039154804948167005,0.13347456194860066,Jazz
853,1.2984100012408377,-0.36301664835861797,-0.6221576046715787,0.5315340232307246,Jazz
854,1.0584189983491055,-0.06547276360086811,0.3506272076841572,-0.1294010555041979,Jazz
855,-1.5977921164678313,0.10391679785028698,-0.19854621159406255,0.08131584032043115,Jazz
856,-0.805204800660474,-0.2251562525294434,0.14798681321285345,-0.047896733725160796,Jazz
857,-1.5820574826663316,0.25266990901321856,0.015688783684350855,0.09493431425863265,Jazz
858,-0.8411848580670503,-0.12170965765542258,-0.29186061918197903,-0.20300983419641502,Jazz
859,-1.283084169382849,0.06604921230725157,-0.3500541997345972,0.05953894588189716,Jazz
860,-2.028328186280037,0.10226118995136677,0.21769863297364575,0.1913713115813368,Jazz
861,-0.7616698706025844,-0.2516698146744601,0.16788279737018397,-0.05331225102335225,Jazz
862,-1.2404862521047417,-0.03227168285677334,0.7231481289318774,0.6742311432520661,Jazz
863,0.4819270215434444,-0.05080283665474403,0.3575420981682979,-0.20056926471122358,Jazz
864,-1.7888379203078149,-0.021002830398387816,0.34242962194103893,0.1818904319124304,Jazz
865,-1.4625266169302444,-0.24676836771202812,0.5131526340343983,0.20278207771045034,Jazz
866,0.4785011158296084,-0.2571746621483041,0.235862963072237,0.6030571533037499,Jazz
867,-1.894048118453863,0.10828719459990127,0.1106998419618679,0.1571206938814195,Jazz
868,-1.5757124378121865,0.06862053244159197,0.1973482934419012,0.13012286913670157,Jazz
869,-1.1361746075108157,0.10039140836020331,-0.5369789274579274,0.21418388082834802,Jazz
870,-1.1942183954129402,-0.12489618850045135,0.08887160597110089,0.09678957053722964,Jazz
871,-1.2386943101443546,0.05980763696615722,0.0340228872363304,-0.00871345141533241,Jazz
872,-1.3337203218869016,0.12669896753254115,-0.0939668682807656,0.10746866124497738,Jazz
873,-1.7130678746699592,0.02420918560393281,0.02923660266957719,0.21518303690509266,Jazz
874,-0.17522350709967557,-0.19780179335330283,-0.42576472178208036,0.4339425014089876,Jazz
875,-0.10135668219775447,0.3855421648922556,0.5712569770947845,-0.33597284408023437,Jazz
876,-2.044640556032242,0.04706363252995946,0.22620775447619723,0.3310271783175332,Jazz
877,-0.4058477846559728,0.38001653398123403,0.08448202644405801,-0.2889275993368889,Jazz
878,-1.2070983484712423,0.660441414657465,0.13504544801387622,0.506841433062318,Jazz
879,-0.7749040691355356,0.20229167068108894,-0.15933063330038275,0.05183310233105103,Jazz
880,-1.988127156546855,0.17863030923782033,0.06069072973836947,0.17950328965261228,Jazz
881,-1.1357723946686054,0.10286629900592423,-0.5361326237123203,0.21540239800356284,Jazz
882,-1.1626828673741532,-0.3157377304994471,0.3728207592632537,0.2409563609671977,Jazz
883,-1.5005242091280417,0.8758285960441407,0.30835323416863136,0.20318967776840013,Jazz
884,-0.6880572269754271,0.19216083132772988,-0.17943420798102122,0.20624666012628753,Jazz
885,-1.8920874667170282,0.13549110173556778,0.0983412063566035,0.21665363124481665,Jazz
886,-1.7355907320138964,0.21367843635481001,-0.2667056450080196,0.3785811198936545,Jazz
887,-1.2426646940198633,0.12520828874275738,-0.4594727666266175,0.04984643182203465,Jazz
888,-1.453487413844167,0.13932170670128186,0.07532822659885986,-0.15179944545496885,Jazz
889,-2.0625314783759867,0.08985361598184265,0.16928063896342369,0.33466267223361673,Jazz
890,-1.167008390280593,-0.14409218172357752,0.10392871020557444,0.10563334091464284,Jazz
891,0.04454522577051648,0.12875713448466397,-0.06121448052430066,-0.11916623203920357,Jazz
892,-1.4525741615069192,0.17690858715948926,-0.29071322637167973,0.17305041782987293,Jazz
893,-1.3229870880509234,0.3774324280552948,-0.34694894728959774,0.5089356983810096,Jazz
894,-1.0852198159307633,-0.02500490317750616,0.022164988805067565,0.27875391062276583,Jazz
895,-0.8448761261819553,-0.11961896521432515,-0.292500083218714,-0.1979992081565984,Jazz
896,-1.9642199046592228,0.21944935660797674,0.015345334388450529,0.23356164429924833,Jazz
897,-0.8870060458087585,-0.08683358775428657,-0.14223207034184113,0.23554438395815955,Jazz
898,-1.4518422912370255,0.13863106871080844,0.07581973284851336,-0.15332714147985985,Jazz
899,-2.1349060611311272,0.18188026960196568,0.010928672886716053,0.2738867931488309,Jazz
900,0.40209087923392245,0.01633204311872315,0.3266854705363457,-0.229641199756713,Metal
901,3.891828003028553,-0.3005497136082901,0.7028019732058964,0.17376406284617887,Metal
902,0.07616093803881109,-0.14436174386873069,0.8521816036926056,0.08508899286022122,Metal
903,-0.4091867658007546,-0.032701238690408724,0.21963088502899714,-0.46498974824270783,Metal
904,-0.8084996801766727,-0.4284824714390332,0.5649510587480547,-0.08404537948506408,Metal
905,0.17265252189521374,-0.2227565757046107,-0.09000677273483068,0.03360734971796056,Metal
906,0.402677018899541,-0.11067010163674207,0.7537227414504388,0.35369878030899987,Metal
907,-0.8275351813902244,-0.1711321863410296,0.3726678412711363,-0.2608409941199135,Metal
908,-0.4879188036343114,-0.32037623619788763,0.42034072339111334,-0.1760958313353398,Metal
909,-0.1637268497378961,-0.6404781052714119,0.7690710653882186,0.12338831619069748,Metal
910,-0.49000039454731137,-0.4305466073404643,0.24551982731984337,-0.10976002226512317,Metal
911,-0.848289316464751,-0.15287682198867053,0.22909448292533396,-0.41617819237191184,Metal
912,-0.3233286689880593,-0.20959440083132816,0.3748022691040445,-0.13694801083269384,Metal
913,-0.5569909645448796,-0.25480936201266496,0.26481341577803813,0.09898116670399439,Metal
914,-0.5253096199781956,0.24078503692906503,-0.28008238790289114,-0.21522956186267053,Metal
915,-0.05410938780446276,0.9002739396817436,-1.3147567051838591,0.4744802379958499,Metal
916,2.278084556252749,-1.5098779246868932,1.1774184025923948,-0.039425975148935734,Metal
917,3.012713578258864,-1.2657687230405903,0.26835142626673175,0.20815308950739173,Metal
918,1.751356691063257,-0.5834221331666217,-0.23787730706417606,-0.44243281489108355,Metal
919,0.9015936694836052,-0.8870385453606345,0.18276198829770773,0.20137581525130338,Metal
920,-0.45016939249311727,-0.5285259286328816,0.6348796195974252,-0.1616911724884518,Metal
921,1.4303700164802022,-0.6378636138626647,0.06074614809727644,0.057074576675496626,Metal
922,0.6667977413972579,-0.7015971388086939,0.11503377842019309,0.07068643978725862,Metal
923,1.1502647632960556,-0.7182581156050531,-0.005707548687424615,0.41388178006314497,Metal
924,1.931769177241329,-0.7854392941457767,1.0208411134990496,-0.522367000540121,Metal
925,0.7174595034447209,-0.713327414525568,0.9948812841619532,-0.043889724286990034,Metal
926,-0.7390534663243057,-0.2277266178574664,0.371862659123069,-0.15728668222867126,Metal
927,0.6640286106433368,-0.8401121015519089,0.5889161291527348,-0.30224404615333716,Metal
928,0.001685882121655422,-0.5851978246809131,0.2343467936680208,-0.21301523184732055,Metal
929,0.4654698305345577,-0.355737885575072,0.6714191507926219,-0.025678507554226276,Metal
930,3.959900293020119,-1.2059579268578209,0.14089052896048618,0.19824785641320508,Metal
931,-0.29647051096813337,-0.29277783195441764,0.18605198535417816,-0.41012415170315875,Metal
932,-1.2839257418717445,-0.14944689015429574,0.6274976939847269,0.12078624228936514,Metal
933,2.6462727895140046,-1.6799636674062501,1.1805415232386216,-0.7815745250653483,Metal
934,-0.38219248198947237,0.2906163589932293,0.21960845227521014,-0.4104588476146786,Metal
935,-0.20521420352368072,-0.23451178320137686,0.33385692306534426,-0.34252179540963834,Metal
936,-0.21997100937581798,-0.6669337178158847,0.5315071860396313,0.2910681413954298,Metal
937,0.7104478579959268,-0.5420210348946803,0.17578652820334748,-0.09924065226666036,Metal
938,-0.539878903076501,-0.5615834565685407,0.5725398072163926,-0.03621504742891608,Metal
939,0.6846168274000031,-0.09593113183320082,0.6219917134494939,0.20485985676060448,Metal
940,3.252162764044741,-1.0753397361552477,1.0508355987526163,0.020430157667975894,Metal
941,4.011427798720712,0.5024970818685693,-2.169866232385153,0.13487327479608904,Metal
942,-0.34403036896251704,-0.4545292075412852,0.6459554255328555,0.08407515401013256,Metal
943,0.09057375420439459,0.5638722352168218,-0.6051232477203792,0.10493425169477222,Metal
944,-0.1637268497378961,-0.6404781052714119,0.7690710653882186,0.12338831619069748,Metal
945,2.206327251445276,-0.7075227268623001,0.6648815372587527,-0.21442791957817744,Metal
946,-0.7508255039522066,0.056784272511842045,0.4010456192397817,0.12263194839588283,Metal
947,0.3110159802572426,-0.5345344029363608,-0.3915029579655609,0.189366765168377,Metal
948,-0.33188218641560063,-0.463689992704872,0.2949759644189401,0.14574943242321223,Metal
949,0.20890361541696179,-0.12699126460738064,-0.4729714824624163,-0.13308683676032187,Metal
950,-1.3801248706640348,-0.055041518252823336,0.1632138640441771,0.08804514978173016,Metal
951,-0.13057319299711675,-0.3977616772686232,0.6789609204554615,-0.3130956199029546,Metal
952,2.0075085685368967,-0.82196003697986,-0.558807328351322,-0.06675254058628231,Metal
953,0.4996992255551428,-0.41313724911750505,-0.07648270241268633,0.013394295791065682,Metal
954,0.47033656497522924,-0.16516050688884212,-0.5231054263963246,-0.5273192638331586,Metal
955,3.3369416508809264,-0.7520561381901285,-0.7199378701613877,-0.4837229559785788,Metal
956,-0.8084996801766727,-0.4284824714390332,0.5649510587480547,-0.08404537948506408,Metal
957,-0.539878903076501,-0.5615834565685407,0.5725398072163926,-0.03621504742891608,Metal
958,-0.75341752594237,-0.06952971995406515,-0.05341977309397918,-0.14598743880060916,Metal
959,-0.1080178642804433,-0.7001876833957358,0.6299927567203756,-0.18210167701882612,Metal
960,-0.4571305107486438,-0.48931553014612145,0.38096955408510524,-0.05193411750663367,Metal
961,-1.3766715876931128,0.056075473708359906,0.09982129105485159,0.01830415118169217,Metal
962,-0.4879188036343114,-0.32037623619788763,0.42034072339111334,-0.1760958313353398,Metal
963,2.3724308467701345,-0.972562780891167,0.43571419915904064,-0.7938806544975107,Metal
964,-0.40579044658970254,-0.48053940044663074,0.5542475888550062,0.1026087315815427,Metal
965,1.9480760375900825,-1.6797083859748938,0.7163392967083383,-0.15156737494201686,Metal
966,-0.5851811976709136,-0.48165966040233094,0.59545262423318,0.04399525868071329,Metal
967,0.08796600134222096,-0.514571962183201,0.5182798496311057,0.035249256420509405,Metal
968,2.0118913542800096,-1.4231183686390614,0.32010331310199813,-0.14293063827929753,Metal
969,-0.4571305107486438,-0.48931553014612145,0.38096955408510524,-0.05193411750663367,Metal
970,2.8434783668775303,-1.4951695600172221,0.9047473904233162,-0.20174597361992508,Metal
971,-0.4436519183599477,-0.3122443359424211,0.2883271544292633,-0.34843976202266047,Metal
972,0.8559649053038599,-1.13655162814489,0.5691361078180468,-0.45193635091012857,Metal
973,-0.8275351813902244,-0.1711321863410296,0.3726678412711363,-0.2608409941199135,Metal
974,1.9539963694598803,-0.6018664220740414,0.5266211417004962,-0.8065862788383561,Metal
975,2.6148833326127194,-1.3901514378388458,0.5612418304746822,-0.18704250336531056,Metal
976,1.0859848115432789,-0.18331108455339798,0.8215331021025652,0.3739742119757122,Metal
977,0.9480894628625459,-0.9817133642006776,0.15517123461319876,-0.454593651085256,Metal
978,1.936986996697339,-1.3382196102734794,0.932610440176727,0.9176225228589606,Metal
979,-0.5757185469951418,-0.46179824657554336,0.5541084792444944,-0.2952542661659886,Metal
980,-0.7561306922386279,-0.26394689729604537,0.4246556656338871,-0.25909847866801666,Metal
981,2.473738661438719,-1.2248349032228936,0.6634334892630328,-0.24076561569407712,Metal
982,0.32118468836066866,0.11826685060614257,-0.46890770449424257,0.03753508478904914,Metal
983,-0.45016939249311727,-0.5285259286328816,0.6348796195974252,-0.1616911724884518,Metal
984,1.3300500108963302,-0.08094799016110622,-1.483239339760467,0.19471414202607554,Metal
985,2.238150595511353,0.07061620922231465,-0.4711474505709356,-0.046909905331401124,Metal
986,0.8693928259309688,-0.7166183306053637,0.19474772672549462,-0.054355540538357255,Metal
987,0.5812214088124125,-0.3734102883268727,-0.5064681469507641,-0.35683648496511217,Metal
988,0.158192237997935,-0.5020260783517656,0.2674329425872439,-0.4565054395326287,Metal
989,2.1629213838473347,0.8358679725941518,-3.255933059122109,0.3167843497946761,Metal
990,-0.44935256071352825,-0.42040996541361975,0.34312374627112807,0.10232354166350512,Metal
991,-0.4107507750509034,-0.014925258387540797,-0.11020069910314764,0.15110346627653862,Metal
992,1.738542672663822,-1.3070961029062373,0.8155431781582607,-0.5114950179042288,Metal
993,-1.0377196570817901,-0.0925714249388875,0.5799013735734824,0.07864695901097661,Metal
994,-0.50114300601915,-0.3719069651763926,0.05636913412562257,-0.15570554754278,Metal
995,1.43798416401751,-0.741436285238604,-0.4359656428298985,-0.5436518195832033,Metal
996,4.545062223259422,0.8906383739229007,0.44315915995354643,-0.08785397867138532,Metal
997,0.04010982357561965,-0.3624440337940913,0.41221137688819476,-0.048343507176945896,Metal
998,-1.6777683605418343,0.19319978523119094,0.3112501747852875,-0.01217729757539654,Metal
999,-1.1047275251527313,-0.24396287207133155,0.4704484085851229,0.05957168320916415,Metal
