genre,bandwidth,pervasive_freq,signal_strength,signal_envelope
Rock,34736659.6000124,78105.7211335911,9895947640.26807,687.1287878788
Rock,55208777.6584763,638357.263476268,20032540227.4592,674.2200915404
Rock,65491591.2497076,183467.824022671,26653872075.54,1616.4473642677
Rock,30898240.3458104,154875.161331765,13304224402.8789,569.8263099747
Rock,22544545.7134435,74566.8721913613,12467786360.4313,683.8749210859
Rock,33791634.7654642,216206.14583771,21565067081.7593,1693.5244633838
Rock,24595708.0540662,143579.56602499,22518733005.2977,2003.3488794192
Rock,8419381.14907227,26292.6264484247,6260591826.57904,672.9795612374
Rock,13410198.9344743,149079.770886728,5710385311.93042,911.4455492424
Rock,24597220.1858369,75898.5835557125,11729663405.8263,977.9476010101
Rock,53331811.2083673,325496.896104793,32662976008.0549,2547.9103535354
Rock,28291769.3157201,1953918.05421608,19424786290.7982,1217.3846275253
Rock,19526880.6996018,87054.227046915,16456170516.1955,1925.1224747475
Rock,35805469.6542774,302588.94448274,8440637229.24443,274.1003787879
Rock,70630164.6618635,110918.396449751,21939268420.2002,1676.8523516414
Rock,23613467.4337182,134376.582222294,19083730868.4856,1470.180239899
Rock,44755614.5834214,700230.984721359,8651971619.01106,255.7268781566
Rock,33970208.1550384,37446.0753608418,11497174309.7835,1086.5800189394
Rock,47105644.9586145,470300.530047706,30408649292.2832,2367.6661931818
Rock,25486994.1766796,58101.9947980589,10667766565.5351,1065.7888257576
Rock,41134133.0665874,282870.738188107,26097050432.9718,1310.9970801768
Rock,36733439.2760711,51725.3952282579,17114763034.4878,1342.5116003788
Rock,22636213.364327,178570.657642979,19583070816.2311,813.3379892677
Rock,20005854.1367741,40019.0328562112,15142721756.6703,847.6716382576
Rock,42335177.033704,204435.489223874,13618097532.3284,710.2521306818
Rock,24428353.2679216,254979.35863278,9243086915.23393,1036.4610164142
Rock,38484194.6458272,182488.100363651,10557044597.4364,592.0962752525
Rock,48812382.011503,608906.166006789,27224557733.1206,2495.7840909091
Rock,54143484.5858837,2237985.79627371,16302841164.8023,1320.5298295455
Rock,21226179.5600151,30092.8443837603,16648039968.3905,1313.5280934344
Rock,57312093.7342639,264126.420545296,13037831229.2121,711.7503945707
Rock,15265033.458465,87058.179332115,6399259327.03916,585.7109375
Rock,14694341.8513579,22838.282056597,8013735803.08472,515.7999526515
Rock,27760493.2287967,74970.6648911841,24448620489.4274,1747.8609532828
Rock,28320130.0723245,206997.121988492,19296306134.2434,2189.0074179293
Rock,38729379.669586,80879.4362556328,19041331299.4361,1824.5908301768
Rock,15231722.2791545,16664.5817935993,7594718488.21422,449.6726641414
Rock,38149922.4212167,146546.259497189,19852248219.1548,1075.7888257576
Rock,27193224.4901029,48238.3674853776,21444709693.3073,1739.1938131313
Rock,13546063.0264587,81539.4516655881,5311802558.7408,610.6231849747
Rock,18045583.7981936,115622.417630317,16905266473.6869,1233.1695075758
Rock,34761066.1665203,132218.87247498,16450818465.1548,1258.4119318182
Rock,51407120.0954468,205776.616140136,16527020612.6163,1041.7357954546
Rock,25312504.4670706,96432.5837150625,7904429134.95057,950.4484690657
Rock,30261211.5367081,3330644.76250487,23816906598.2509,2127.3803661616
Rock,15469059.080066,289382.910267307,9958893667.14656,578.8419349747
Rock,61460928.1329911,2897762.97439598,17433268229.5554,1624.1403093434
Rock,19640038.8988241,59253.986021437,15977775671.3065,1135.0365372475
Rock,41950113.1832642,63791.894304748,8575175303.21351,769.427477904
Rock,17231810.9614356,122132.271442512,15712512929.5975,711.3933080808
Rock,43103597.1207742,128142.382510156,11444288245.4853,467.579782197
Rock,48323911.36524,52108.2685964594,15312235279.3237,1499.8587436869
Rock,20875401.1494026,269084.903319893,13603022531.7724,519.2552872475
Rock,32423219.6473027,201696.663403488,27967291175.0372,2148.8080018939
Rock,39926410.053658,126759.148448327,20572818425.8819,1734.8805239899
Rock,25791306.6699468,26542.5201201355,10542404353.8195,559.6239741162
Rock,29175656.848179,117812.985881073,11573899259.9005,1234.1276041667
Rock,46970926.4728738,962946.691968096,27657863892.952,1523.1505681818
Rock,15780246.7610067,65595.5126205053,12836068321.3955,966.3474589646
Rock,16617303.3436192,21934.7856311578,16701056677.0646,1238.986032197
Rock,7434799.02186013,27133.8221061529,7995006711.12804,517.2711489899
Rock,25287454.3473802,45869.266468669,9818944018.52482,468.2502367424
Rock,26584798.0588084,123925.140260501,25968988293.422,3381.2132260101
Rock,28924409.6139428,51055.8720923056,4057040971.76215,233.4851641414
Rock,61212704.0627654,166599.484295993,12880293294.7474,814.7286142677
Rock,29436347.1894333,203932.429268564,22365248492.4317,2129.8090277778
Rock,48595747.1637888,2900379.86744021,22142324283.3354,1787.7351641414
Rock,28575573.3984797,90032.5059625973,20517025668.179,1546.3322285354
Rock,31039539.9329999,73523.2162597896,7697175356.75491,780.7534722222
Rock,32536045.792247,697468.521683495,14148146694.6445,243.2417929293
Rock,26532897.1649218,99134.0550748263,11318050423.7401,539.5654198232
Rock,47213872.0853795,1747373.43262494,11961138452.8715,274.0222537879
Rock,37914588.773035,70851.7213415798,8639890156.09257,658.0090751263
Rock,32077852.6625989,1916741.59735668,13476743578.4217,722.6052714646
Rock,42823771.9869647,3732918.6729215,23487766836.0302,1419.1147411616
Rock,29668939.3911284,65709.0774402776,27925951271.5101,2159.9515467172
Rock,44650972.7248456,81100.1956328654,21450313474.3183,1861.3388573232
Rock,22405552.9466621,64479.5541728806,17622557893.972,1420.0763888889
Rock,49277801.0062178,312400.110798643,21175893247.667,1294.4448390152
Rock,35947154.7953513,348235.478524231,9544688211.43539,380.0307765152
Rock,19269728.2175466,83528.4054337095,4110337715.78364,155.9303188131
Rock,27102146.0546873,93338.0078913743,22758254633.7241,1176.9110637626
Rock,38690530.2529279,3241225.50175755,14545580748.5459,943.7062026515
Rock,22593396.5900247,53999.8824423157,17228245376.2806,1669.7028882576
Rock,28260453.1573989,81975.5802091834,5702366463.31174,384.7531565657
Rock,23385260.006542,123820.945515796,16902326292.3662,1309.6738478535
Rock,18964822.2244939,114605.59137074,8713548734.55426,1130.7460542929
Rock,45675915.4945323,180956.112575258,16123943179.869,972.3837594697
Rock,27679057.2463174,87016.1333829423,21090097334.3478,1522.6202651515
Rock,16833847.5671364,281678.405660277,7103187309.72707,575.9117739899
Rock,25171343.6679037,2319562.20567555,17153080835.7002,1153.7864583333
Rock,33756909.0129856,3222288.25255501,22122860957.3707,980.4936079545
Rock,49119277.1584536,241562.87082263,13867375760.4862,542.7528409091
Rock,28211281.5962923,2415333.82380839,17845964019.0647,893.837042298
Rock,37128285.9667026,2387524.45826263,34745338680.2261,2737.4009627525
Rock,19352549.5879248,78974.6669259844,19939107818.1207,3125.0841224748
Rock,19747938.54935,187158.25684437,14802305335.1739,1054.2595486111
Rock,32567895.8070179,38468.9299522007,27542553259.7179,3002.4719854798
Rock,45508117.8508292,3706351.18831032,15408402696.7427,728.3193655303
Rock,21376876.4825177,57028.4698004554,18424765695.3652,1399.4979482323
Hiphop,29542124.4862337,84520.3694584774,17934699984.0849,1457.868292298
Hiphop,52925259.2124116,84162.6115286844,5265707474.28655,185.2397411616
Hiphop,23347556.1024478,41219.1229556753,8550448078.50029,743.671322601
Hiphop,75408182.0799159,1154285.22475644,26783067137.3219,1606.6356534091
Hiphop,105169097.03696,784967.851926957,23979853683.7752,686.8595328283
Hiphop,94398964.1694955,196984.160512747,25513471307.722,1171.2720170455
Hiphop,67413132.2192765,468002.644993989,32878763771.6088,993.4068813131
Hiphop,53109119.8156982,105014.510868204,8621902523.97425,860.2573390152
Hiphop,225218755.574175,403087.809132795,32323740417.8066,3292.9741161616
Hiphop,79678004.1613717,636251.53002998,32342097145.6146,2697.2224589647
Hiphop,45503150.309021,288630.244286787,10999507130.8506,841.8506155303
Hiphop,75550443.9639007,557198.272375732,28545368143.2989,1439.5056818182
Hiphop,26381678.4571796,276187.291287868,25343117461.2463,1601.8214962121
Hiphop,98942791.1390007,201032.262323903,30096230151.4546,1331.1348642677
Hiphop,64304394.6124965,381955.793929313,16777043767.021,933.202572601
Hiphop,26531207.3967563,97148.5544325457,13854266169.8711,258.4153251263
Hiphop,66669359.3313444,233485.779073797,24394433864.0479,879.0074179293
Hiphop,72360367.1115385,674319.072298478,25022248964.0737,2671.5610795455
Hiphop,45041065.6078344,237071.704780818,24272417472.784,1456.7765940657
Hiphop,53021992.2954857,91768.5880364283,13640363679.7032,845.1571180556
Hiphop,33071487.137942,35911.3397919535,6607833939.43853,355.0177556818
Hiphop,65333015.5422709,346625.20819091,18560265447.6496,618.9158775253
Hiphop,52969755.3741174,466421.703032744,11662136685.9775,546.3550347222
Hiphop,55667229.9914087,484082.012353036,26899425651.6404,1825.4925031566
Hiphop,70771590.3187614,437385.132868277,36686673653.9897,1433.0497159091
Hiphop,77130205.2558143,532027.471501041,16556960900.0435,572.6482007576
Hiphop,42558967.6587322,360520.867027046,17470866736.361,933.1490688131
Hiphop,70970163.6709647,479075.266821361,24903472382.3863,1904.4727746212
Hiphop,174459795.803873,255960.571999099,29990777192.275,2466.202020202
Hiphop,78069468.9843446,446878.365189041,21157590974.9833,1478.4204545455
Hiphop,30451130.6058257,131136.301768797,12684130763.6766,414.0388257576
Hiphop,54267634.4618682,152275.608529778,12064607195.0879,1053.6310763889
Hiphop,80787386.4938025,248748.016438315,13705119777.7381,709.8901515152
Hiphop,45507534.9723076,493629.141773463,19008833969.9268,1059.0785984849
Hiphop,54241539.5066525,487581.90979973,24415954158.9101,1354.3710542929
Hiphop,45961696.8287706,286182.031084562,25228505997.7762,1556.2212752525
Hiphop,105169097.03696,784967.851926957,23979853683.7752,686.8595328283
Hiphop,21194362.1057347,115796.402178893,14753082980.7222,1272.3036616162
Hiphop,53173915.1222373,372570.545693115,29306026148.1687,1878.4288194445
Hiphop,85019726.033552,1377415.83685071,29323444988.475,1186.8971748737
Hiphop,58659379.5560509,974793.603235973,24418936296.9967,692.8273358586
Hiphop,132434832.189227,650933.116009061,28795548093.9057,1761.3137626263
Hiphop,26538557.2572311,278604.307599638,13172476989.961,2028.8375157828
Hiphop,66002420.3560702,1220926.82923867,38929196963.8122,1793.5679450758
Hiphop,34410490.4958811,442430.947132923,18529677609.3877,794.8328598485
Hiphop,22144615.5086585,267624.280204885,20788754137.1423,2051.3539299243
Hiphop,61447502.7388653,149504.191966492,13174291529.0364,459.7702020202
Hiphop,37035383.5318837,541262.775704518,16264193053.02,754.1805555556
Hiphop,53173915.1222373,372570.545693115,29306026148.1687,1878.4288194445
Hiphop,67988278.8681675,620871.114304597,21518477635.9538,859.5310132576
Hiphop,80984771.0532778,1106134.17000665,22457181683.8386,930.9485479798
Hiphop,69228323.3318981,6039837.55004678,41500206202.981,2558.5254892677
Hiphop,28401720.5897928,336951.449453619,25212752317.9389,1296.6332859849
Hiphop,55413446.739626,371225.945885403,36955658379.1453,2838.4756944445
Hiphop,45447983.7941019,531799.904111657,22777588713.7506,612.7819602273
Hiphop,47940904.2098981,93132.551649725,20129351065.0013,608.0642361111
Hiphop,35129945.5098188,195708.858251722,15702311276.7057,920.2907986111
Hiphop,43830727.979234,272837.347791346,16702342094.7536,1210.3920454546
Hiphop,50205140.1551679,380072.249723588,20530866857.1141,1177.8632417929
Hiphop,65891268.2484317,233242.508431241,23480771497.3724,1412.9801136364
Hiphop,78298215.2487494,606845.696350805,21625050558.9527,1950.8254419192
Hiphop,58696812.0981246,904417.724952336,20898616281.1394,1101.9033301768
Hiphop,26057720.4498922,115831.767704137,8616449543.12084,496.5651041667
Hiphop,17566527.8609663,143248.915081201,17761576025.8151,1528.4873737374
Hiphop,38017552.2895214,178387.667178758,24536569098.2488,1099.3856534091
Hiphop,44331836.1716776,307700.34119557,13530494650.7338,745.2559974747
Hiphop,51176496.2776395,254104.669463252,9722730713.9481,591.1008522727
Hiphop,110479523.027927,1366120.91265285,36923175344.0144,3314.9222695707
Hiphop,89649859.7325483,311550.477584202,24951459405.0034,2898.1072443182
Hiphop,66996993.3973209,291723.055715254,15204355583.1506,1285.5041824495
Hiphop,37604040.8459223,357077.847868066,12594975130.7905,448.1393623737
Hiphop,63649854.6403359,260455.082387775,25942579621.7192,902.5872001263
Hiphop,37289470.1545652,402487.176428997,19879366893.6046,1048.9630681818
Hiphop,47311873.4794475,322067.10835011,24426039320.1601,1710.681344697
Hiphop,32781315.2067213,369171.727737996,15825619530.119,856.2152777778
Hiphop,53887763.1814154,871411.790586108,30779414865.1879,1908.8368055556
Hiphop,42506268.9779627,577318.056349809,26558085770.5953,2248.2531565657
Hiphop,30017349.9163687,200283.761124129,20367094626.6264,1024.3523516414
Hiphop,38067978.4520823,337318.034007562,13443199004.7392,921.666272096
Hiphop,33034557.4046425,100558.620709937,13437502971.26,1108.1062973485
Hiphop,81748292.9598212,882752.447366959,16056282927.923,686.7039930556
Hiphop,38469538.9240423,1018886.1550749,20280584731.9728,1807.5456123737
Hiphop,52008047.5770353,307884.129467675,14053438807.5703,988.6291824495
Hiphop,110715376.009087,501835.705835918,25637872089.8704,1357.5031565657
Hiphop,44595631.6409547,550263.626509504,19309336473.0495,669.0462436869
Hiphop,50477900.5003493,3058569.3381429,34234964894.9778,969.7062026515
Hiphop,52841625.1879038,512418.249233444,33254137559.783,2553.1678503788
Hiphop,127178466.967144,420118.276847995,18051280451.8969,1220.1879734849
Hiphop,95501111.84298,1171392.42917145,22202959393.0273,1043.860479798
Hiphop,76701349.0515275,196537.251343859,30744437292.5158,3208.2626262626
Hiphop,18420995.487376,172814.670007708,13348409793.7522,1273.4209280303
Hiphop,20509277.6277402,14339.2668474892,13499019052.9448,963.626104798
Hiphop,26672180.0823864,255725.74805497,7294916244.75363,156.2938762626
Hiphop,95701809.0988879,302496.446010768,26714537770.1777,2964.241082702
Hiphop,79006041.4096595,379535.585879987,15222458398.1582,717.391177399
Hiphop,60792888.3234906,788528.780583407,32139769799.1658,2144.4288194445
Hiphop,54030010.0363941,886449.831569958,17665920955.7005,563.4086174242
Hiphop,48750096.5865135,395583.811907505,16892770371.2265,1361.6387310606
Hiphop,93492080.6168579,734836.805411172,23589518174.8445,952.4961332071
Hiphop,26398584.1929634,218091.975069079,8500775783.68581,354.6994949495
Classical,10558331.8639102,45862.1881386703,3266740721.77213,304.0917771465
Classical,8137169.91401459,24441.2206329607,2630840547.97551,121.1206597222
Classical,4719023.50965627,7945.7134849251,1165890443.30071,133.2379261364
Classical,21356043.0755431,61014.6896007513,4827470742.72584,1057.3321496212
Classical,8259973.24814473,62960.6130349324,3832280281.65609,657.6302872475
Classical,10999506.4144577,36239.1735515422,3868123520.33227,194.6991003788
Classical,4543507.8914947,21217.2370019664,388168978.038267,23.3606376263
Classical,5211512.96098931,11647.3819593418,993646032.136324,53.247790404
Classical,18567736.7780606,499243.756107981,8227466585.36038,1017.7815656566
Classical,13341163.593105,135808.97534587,1709524841.69031,95.5972222222
Classical,8264542.76180993,39389.8377658151,2476061253.91514,335.1395991162
Classical,7664335.15971618,104458.585803337,2506146589.36043,285.2679135101
Classical,10571168.3370117,55962.6893890336,5859704152.10244,352.008917298
Classical,32483093.3611548,302001.871839461,11413221995.5544,1049.0003156566
Classical,2171581.45300139,392098.15441629,882122741.000295,104.359375
Classical,6067833.69977889,18743.7357442899,859302226.204938,96.1452809343
Classical,16849180.4628196,21828.9706993029,6878387889.76917,546.2245107323
Classical,14726369.2682226,18754.4109882493,10331102044.2142,735.4341066919
Classical,9038366.98904496,36470.7234537158,1899747839.64524,135.5422979798
Classical,5592003.30598282,19233.0811535523,1729089516.40537,118.0613162879
Classical,4710911.90917675,17425.8927187998,1603803576.99279,99.5451388889
Classical,4847564.21828909,3516.7766075781,451603920.391834,38.5393781566
Classical,5299151.82044592,7131.9132355892,813029163.436989,63.6987847222
Classical,5448379.12808488,26229.9814160484,819977870.782018,63.2644412879
Classical,8905694.97802448,271847.998560135,2861022616.23569,259.6282354798
Classical,13068824.7005301,25577.2506500422,5635839686.92727,374.2742266414
Classical,6882805.88712004,7005.5499604615,1716888640.66229,106.7191445707
Classical,28144054.6983509,37162.8042002932,4135576437.48674,316.9251893939
Classical,7542354.01582425,19921.1022856396,1983102261.47035,170.7743055556
Classical,6502305.32730527,9753.4327220403,834968237.274498,75.7062026515
Classical,6145419.69441918,53610.6090234894,2030793928.50119,144.0160195707
Classical,49681834.5506754,438064.610227027,13268728506.7138,1229.617739899
Classical,12817748.1249447,33379.9541429083,6331652954.1382,652.3143939394
Classical,6277712.5154845,17643.2453573442,1247953048.14064,86.8229955808
Classical,19672293.7773773,21871.7260851777,2573033586.16021,144.0676294192
Classical,11846566.6084814,74593.6006559825,4174009596.43543,180.0070233586
Classical,15001472.596955,18727.6036217513,6427842542.3363,617.6283143939
Classical,59919549.9478023,674502.243512338,9127322007.39687,558.2240372475
Classical,4472243.21077082,16894.7101048336,2327066607.88402,120.9844539141
Classical,10360429.4853788,35274.0207189168,4745677685.78484,249.8022411616
Classical,14655966.6272753,32389.3147588956,2905065785.29195,239.948074495
Classical,10810196.1889659,27444.113579957,2636539454.95881,523.7982954545
Classical,2572282.31692874,4219.1090665849,333410398.368188,86.0470328283
Classical,13642382.3734605,65148.8298414287,4366435687.09903,406.4677241162
Classical,11989525.5515532,40849.8147082412,4132662801.99999,376.8671875
Classical,11037106.2096257,16237.1884274277,1048364335.44446,92.7601799242
Classical,8087754.68564508,25323.7905792165,3494289502.89321,271.4487058081
Classical,14286359.3264825,15639.5351285422,3336489156.55177,142.8944128788
Classical,16664143.92272,9790.8788167289,1845449203.49419,179.7337436869
Classical,19863155.111421,29778.8278604342,2839296668.96329,230.2245896465
Classical,13515296.3949775,20635.8484311331,1584328744.75517,83.3724747475
Classical,29059486.5675221,298786.846904248,10117735804.5378,1927.8222064394
Classical,11979013.7442614,16160.4525759424,755439032.438613,48.4182449495
Classical,15027327.457307,61588.923750444,6145061626.91903,230.2629419192
Classical,11945996.8197647,79540.0058470498,2481476522.19814,230.1534090909
Classical,8491023.31493264,28104.1528854164,2845785189.67193,99.4184816919
Classical,3267501.42118218,38343.851072688,697149768.054398,88.787405303
Classical,7384717.50501024,29441.8747162688,2676802457.37895,251.3769728535
Classical,7346866.6974859,36622.1767528102,1374287079.82272,74.2986900253
Classical,5997019.38877613,27789.8325130007,870021161.314298,71.6939709596
Classical,12111394.7607798,24435.3180073161,1541783430.65158,205.0044191919
Classical,55797567.6153005,521019.648705036,17967832335.7473,1608.5336174243
Classical,7546762.26124641,22877.2323776606,973977581.137386,41.7196969697
Classical,2827716.44826806,10468.7597927983,193230753.484733,7.7732796717
Classical,52907508.6589294,318179.197646883,18461975797.2798,1435.7017834596
Classical,7288577.61611561,33437.3692041116,3462649867.37598,208.2140151515
Classical,25626622.578687,342442.814112562,13574740937.3584,559.8680555556
Classical,6490403.96919636,17773.2633950524,1070109715.75659,125.560290404
Classical,31185299.2005683,363685.038426393,5936150542.83783,364.4940814394
Classical,19417608.9054686,32206.1469172398,6993214890.66727,773.2655460859
Classical,6396842.57144681,41059.9134984003,1265190016.63251,156.9691445707
Classical,5781477.22562701,15210.6690909929,1490466751.22632,127.4594381313
Classical,8634279.06063919,32063.620835625,3258128798.74324,335.2916666667
Classical,9505526.94211612,16294.5269187864,2194126204.02972,236.9607796717
Classical,43791629.2160379,294782.792228859,9366855574.57502,558.4385258838
Classical,7380889.29540929,13394.1890176243,4357852914.02795,637.6703756313
Classical,3989214.82679497,7293.789034471,717520255.873487,46.6965751263
Classical,14579871.3405184,40842.2126556291,5240016559.17022,609.4154040404
Classical,13303703.3577591,96813.8132916781,5028821096.72672,341.5540561869
Classical,24436214.1495506,56862.5311177194,6627125726.36079,740.8924400253
Classical,3576248.3193532,13194.3267593149,822225550.157065,71.3986742424
Classical,18801830.0336056,45683.9476809538,6145453488.78504,429.467645202
Classical,4399934.19745435,7071.5328322895,415227413.439905,40.5048926768
Classical,7833839.80576856,25135.0104987372,1161466862.90426,65.2168560606
Classical,5533772.58209619,11434.3610428704,752013933.21926,95.9583333333
Classical,7723893.87890318,19670.3064002228,2344207461.54587,182.0729166667
Classical,10401624.1043682,12634.1411666439,872194349.076023,76.9858743687
Classical,19194420.1147711,4064.1913138803,1524433787.07661,86.2214330808
Classical,11267867.895868,124719.757552311,3240151805.57033,93.9593592172
Classical,24047241.0563016,44814.7507109995,5992059921.43577,791.463147096
Classical,7653772.95839006,12647.3780073443,5105808503.46286,425.7833017677
Classical,9521401.47531064,58252.666110914,3091280105.1097,177.9786931818
Classical,3033047.63703661,11305.3891030867,816186650.971907,45.8921243687
Classical,4171856.7899015,219344.752703682,965164555.740795,168.1112689394
Classical,10124090.0878062,46729.0127512671,1762943884.14883,82.7575757576
Classical,7317327.53027397,24697.0554222154,2475362801.572,211.6068497475
Classical,55812273.7146073,251663.838611573,4297160961.81208,329.7034406566
Classical,2481827.44665609,2113.6444608024,159727028.264323,15.1283143939
Classical,10611183.1575949,67332.0683670086,3507302465.51163,259.4761679293
Classical,7034956.89476386,29026.0298147409,3108629797.52454,491.622790404
Blues,67081328.7292607,82592.4048700811,10630296640.6404,419.9517834596
Blues,47356400.1832791,229036.610672085,33468334777.4764,1821.4997632576
Blues,32913534.2959425,1120337.24854041,30179957936.2025,1336.0085227273
Blues,22774946.1105433,65682.2530608601,3653185394.92663,87.8210227273
Blues,19564088.0570929,170310.668432442,11682792661.3463,870.7346906566
Blues,56842138.3613225,691888.107102595,35264370526.6862,5625.2344539142
Blues,22588162.2698856,153712.732787379,7821282915.80671,535.7668876263
Blues,24063195.6609379,123167.297763553,15086789378.6234,740.6034564394
Blues,42105696.2161151,126495.668290349,11523592411.2439,364.2720170455
Blues,64081813.3770816,153165.435283966,8688474893.42161,317.2563131313
Blues,28164499.9428495,110356.852570521,15555441729.0271,962.7261679293
Blues,42723634.1959513,297788.936317018,10877589290.5567,753.6889204545
Blues,28167616.7057967,88203.645378744,15580731272.2524,1635.407354798
Blues,47801745.7218179,95701.3243778004,7158724715.72797,222.545217803
Blues,12626975.9474058,197944.223262356,15157823638.9061,1764.9962910354
Blues,57872221.970137,335184.168470249,7926876385.48634,231.7627840909
Blues,29635385.1332475,936954.758727631,24853471051.2156,1851.3941761364
Blues,46191836.5294025,871675.562381208,25893818464.6468,1975.7669665404
Blues,21030236.1780876,154128.120997519,11399169069.6937,633.7817234848
Blues,21530095.040756,215957.631549216,7671412805.61904,863.9273989899
Blues,15795522.1794707,351805.304652931,11733622058.558,1077.4880050505
Blues,15114797.2172314,52485.883216197,15936542599.3771,868.0790719697
Blues,43337330.5891606,58345.080234344,6644226677.92454,84.8401988636
Blues,23054363.6789571,85826.8009684559,15769669850.0421,810.6597222222
Blues,51040020.8832148,31413.2271361563,6241013038.2812,402.4898989899
Blues,26348470.2395903,51096.3134300426,9622276316.60838,1250.3539299243
Blues,28060400.4428094,48208.3244246304,14691661385.0506,1531.4356060606
Blues,19799663.0282232,82657.0522554817,7073068774.75114,265.3499842172
Blues,45297727.4835943,244890.60239536,11972055575.6519,352.5220959596
Blues,20922808.7593575,219326.998669658,13725479168.3141,790.2814867424
Blues,86824641.6770915,454174.238601872,26873314464.6624,2936.7507891414
Blues,32674449.4749737,99353.857273891,10240583386.8541,604.6195549242
Blues,43325380.1337812,395098.930114237,29778113048.4222,1624.1687973485
Blues,38364213.7168181,864582.202049636,16530528640.3598,1039.0956439394
Blues,49219923.3520211,271200.398551471,9297001841.15414,322.5748895202
Blues,23780108.3087495,76505.5246924735,8353002840.61363,356.1676136364
Blues,42176288.8095939,808443.68789296,33727307153.5334,2403.8514046717
Blues,22830662.9855269,133976.388713797,15139582669.6263,670.9928977273
Blues,30897664.5359922,275416.238100597,14606686548.9463,1022.7430555556
Blues,36354057.6866192,128420.047935525,12182729281.0162,841.7877209596
Blues,40777977.7991896,241085.73042458,13886567722.5993,1265.8022411616
Blues,24519994.3656723,104037.402311031,6845188635.13691,346.2322443182
Blues,21489510.2650407,73855.2262562119,14664514487.4789,959.3986742424
Blues,70722595.8984467,96873.036018283,8578212137.34221,456.470407197
Blues,28269313.2139004,554953.734031614,24063453310.475,3145.3760258838
Blues,27381622.0927467,564814.962135252,23868739681.716,2572.6235006313
Blues,42668452.7807196,54819.3527758452,9775842333.82556,921.9686710859
Blues,39219597.5727361,205918.640389002,24587226537.6705,1879.445864899
Blues,40697586.8318526,192684.3173286,13096926391.599,707.1309974747
Blues,29153553.8375444,163504.391821401,19982675831.6389,1431.8635574495
Blues,35073097.4330557,389217.664264173,21036539115.3622,940.5873579545
Blues,34820867.9779193,532065.68537498,16145908653.9901,1651.4951073232
Blues,44666985.3599439,130523.333490159,10838477230.6088,370.670770202
Blues,25113206.2906828,353368.19596485,10494528122.6498,731.8198390152
Blues,45778307.4534785,124768.051823387,3561761201.12431,89.6039299242
Blues,45254234.5105637,215951.564028292,4878465255.4576,177.8432765152
Blues,59362096.8267812,86727.9049883822,8555127191.05408,428.7945075758
Blues,82020510.5434947,90375.3353505347,12787108618.8256,912.4470486111
Blues,16179485.1498957,1225790.94809788,15549096530.003,872.1324968434
Blues,41708559.9699391,132280.379773025,21070141446.3017,999.4071180556
Blues,38588693.0873577,225058.645374791,10394601171.4142,1263.633364899
Blues,16213318.9961838,361870.766554057,8683775622.75891,1359.8540088384
Blues,31919862.0356224,184279.266224877,12984897305.0495,649.3450126263
Blues,30006358.3727727,47335.4832955402,4753307444.18286,193.8444602273
Blues,31845968.8962202,50050.065598413,5274696904.91655,43.3869949495
Blues,56349399.965554,1192317.43648546,29003145690.4874,2468.7314551768
Blues,23512827.8313585,160468.427548407,6558736775.26894,292.0834911616
Blues,24270662.0378974,53614.9905912284,4903918201.5046,306.2864583333
Blues,54109368.6332851,157734.999744781,11116509847.4967,210.9663825758
Blues,17611655.8027071,95565.1017446437,9871813842.08663,217.2207228535
Blues,46284065.5198343,932198.324551373,34652394167.5141,1545.0243055556
Blues,17994808.3315112,41424.7625451103,11254055227.7046,1270.787405303
Blues,49239284.7887759,471356.686339795,24472299399.1586,1214.9656723485
Blues,24870018.8519023,197468.712366187,13691864920.0178,1145.9910037879
Blues,21727236.8183431,55359.7598198293,18660983734.1337,748.546322601
Blues,47561873.4527816,166621.570912037,9664495719.01583,487.8494318182
Blues,58398824.0175923,331594.153288752,12185474711.6183,542.8620580808
Blues,42621853.3358535,175239.735172892,23680343468.436,1661.5867266414
Blues,40269004.3771239,497837.843032361,12921303785.0493,830.9942392677
Blues,70073669.4630292,145620.818619859,14355141828.3752,496.6204229798
Blues,23133308.9808863,102413.650861933,9888197007.64164,863.4565183081
Blues,23083537.6865909,180825.983347632,14560844194.5324,1483.0302241162
Blues,41513459.8335495,971589.77101449,22617280606.1801,657.8873106061
Blues,38254040.2634184,412096.869993922,22776230703.3536,1204.7302714647
Blues,26173894.9135393,1105101.89628761,10533923241.0973,457.6135574495
Blues,24908929.0838154,95242.5393533914,5198479780.64775,199.7881944444
Blues,55181794.9177882,411826.939131353,8011004110.14076,207.5519255051
Blues,31603007.1957959,861550.445735371,20014222182.8322,2090.4970012626
Blues,26123428.6425678,256607.619721492,18536768423.5831,2293.7567866162
Blues,40352648.5425449,190555.489305047,17407402522.418,810.9472064394
Blues,36836706.8293719,129960.352350947,9993959607.32526,525.9356849747
Blues,31394659.9243855,162696.98987819,15540625351.4842,1343.0991161616
Blues,35233364.0423874,678095.704348771,29962910972.6194,2894.232717803
Blues,20462787.5307764,155891.984524604,13133699315.9676,1779.945864899
Blues,16049255.7082395,70027.80236724,14291977285.9048,1416.0346433081
Blues,49191191.9365379,137542.394388813,11128098159.0106,632.5415877525
Blues,34925740.5701173,108673.58727685,14889066450.4775,148.9906881313
Blues,29631536.855157,368844.49180056,11574159783.6715,734.6445707071
Blues,31247383.1711945,210312.635433456,22334370900.5395,2150.9236900253
Blues,67407361.9809097,191206.979464665,10381833021.3451,222.0767834596
Country,51222475.1010295,382903.698251769,33038597926.7428,2998.2845643939
Country,109855577.976196,320903.288299434,28943576562.2085,2690.4641729798
Country,66881766.2812277,340465.384382603,24243005952.0788,2235.306344697
Country,42780394.9860801,107491.274383102,12657218982.0183,1411.4228219697
Country,27943628.4443819,83248.158004712,19733154052.3368,853.0800978535
Country,23087309.9869162,72853.0882075299,11248150501.8815,578.8244949495
Country,66115550.8181122,92425.1957058953,17416993239.4742,1040.3027146465
Country,5045457.33407936,12771.2568534825,3209049204.99027,114.9446811869
Country,31378508.549762,42819.5776682816,9041786730.05177,532.8406723485
Country,27547869.2152154,202662.335599105,21287785454.2981,1493.0232007576
Country,24875238.858491,48600.0013018174,9178503506.28701,637.7581281566
Country,46413491.4541893,67816.5443236326,7266959648.98925,417.3122632576
Country,71540039.8090935,623910.952273292,26127904557.1602,2144.431344697
Country,30848462.1140248,106938.023544625,11974894710.6217,873.1814236111
Country,81674821.5089887,189497.76331158,18002359141.4027,629.1409406566
Country,36727505.3815224,287775.511341505,20254710898.3845,883.7571811869
Country,17998506.287057,151260.985551157,18829123949.4851,985.859927399
Country,19848455.5232847,114952.893327624,7958296462.42606,408.4774305556
Country,17905732.4795842,39334.8130133749,8635789670.48797,525.0540561869
Country,41013887.3272753,188289.735979546,8682309992.26705,650.9909248737
Country,21643588.0888673,89746.0873014683,1974187815.8757,72.4937657828
Country,32503901.7938552,163325.624825478,5740989136.55384,361.6253945707
Country,32412884.0576402,66424.797103285,10484637847.2032,536.0654198232
Country,74576916.7617262,149662.131883326,15283682525.1675,913.3449337121
Country,29335195.3413141,120084.366305168,8447229558.54352,466.1220801768
Country,32584166.1536324,38462.0130334661,16993796640.9033,2172.0198074495
Country,27646584.7490829,107025.23628891,23733334323.3034,1911.3640309344
Country,14915877.9953355,93494.7919874197,12165420561.4375,675.8954387626
Country,58842901.127218,356040.752302815,9025936695.78437,628.2144886364
Country,36180443.5551611,126349.224919577,9968865456.48986,375.0326704545
Country,26689845.9468154,95266.1854317506,12662630120.1058,1047.5774147727
Country,25930269.2300323,83163.3554611346,16702284152.3148,681.8322285354
Country,73071016.7531594,201108.089581939,27384537528.5299,2810.4985006313
Country,46863597.1758966,142830.354171009,24377690696.9535,1300.3490372475
Country,21440243.9297164,322266.875916043,13490474720.6163,920.587594697
Country,21208704.1151341,81145.755411157,11145970247.998,1733.2773832071
Country,47289779.1252155,465891.282998351,20951336837.5204,875.3099747475
Country,19172317.6470804,27420.2764510552,9109563214.79093,385.8361742424
Country,42772316.8883377,176260.600257859,27273123129.7526,1566.5363005051
Country,30793851.470846,137809.140128855,10920158631.8648,532.1223169192
Country,22290152.5812902,58370.4549824262,11941446424.2858,746.0582386364
Country,50229228.932654,227217.660581739,21209495556.8767,2086.336489899
Country,29407281.0141533,47455.178848014,4916989355.59013,315.6069286616
Country,17425895.4635521,39728.2549602026,4271375838.88293,145.7694917929
Country,55593577.9136274,781961.52278213,16669045362.2973,891.680239899
Country,37114653.7224441,116693.454156973,10381019575.8315,473.5546875
Country,62094887.3768763,317477.948978059,26323613844.7188,2076.6449652778
Country,21045216.9618077,100631.474474299,11157970521.8675,1075.2877998737
Country,37649393.9420088,122834.316309042,16624166823.1762,823.9898989899
Country,22463713.7203452,53139.7063184004,9040432019.89315,249.0749684343
Country,62746909.8315601,104613.188502668,11678230091.6592,736.7096748737
Country,77786917.1151881,255405.438504367,12889182785.3238,804.0377209596
Country,96515305.2395973,559900.550622398,23025611722.0169,2184.5410353535
Country,27474689.0856806,271691.13239802,12927779099.7657,755.8641887626
Country,23019043.1462748,57513.5351718318,9991309687.36392,853.7041508838
Country,88228874.653753,192575.053761407,9418730560.83,350.6225536616
Country,26788173.0452951,92572.3390762732,10613820604.9234,950.1600378788
Country,33217010.6644946,111043.584632726,11084845004.5628,870.7720959596
Country,39400858.8957202,57586.5534615882,7175477701.30977,652.5265151515
Country,18630147.9912931,43307.3857566308,15008815319.2567,819.8346748737
Country,24512659.7692929,118363.839711806,16462238471.845,1262.807449495
Country,190639716.935354,464241.195747474,25291521921.6565,2710.4760890152
Country,35041349.4004797,415516.485421352,14802781808.2774,748.7736742424
Country,32420570.812628,43169.2485354794,9545425750.34368,501.7441603535
Country,55742522.539078,287682.220498932,17904380349.7753,1632.6362058081
Country,32152849.9076104,302721.328524638,19312422670.1871,1493.5328282828
Country,33441884.1453351,73428.6502077735,15201549833.2294,781.2971117424
Country,17196249.9550606,65162.1167369769,12037238707.7088,1168.5930397727
Country,56106117.0929091,66018.9591381033,12217919966.0113,934.7479482323
Country,47976038.5691028,33113.5876479257,18820005576.2128,977.2314551768
Country,71639657.5576654,146789.97362369,15968018141.9672,1000.7468434344
Country,12136274.0558784,96782.9291914066,14387982298.9511,810.1268150253
Country,28425322.0560255,150496.819200116,10000189984.7373,483.7403724747
Country,27809513.3477861,85053.8781042855,13492364492.6254,749.8457228535
Country,24955199.4832307,104052.260193993,16685272200.9276,619.6116635101
Country,41407521.986028,251790.899625402,15291386424.6614,1493.2497632576
Country,18446219.211175,30109.5139326391,12051306971.8552,667.023989899
Country,29952340.5459616,273848.900268504,21909783526.9149,1532.0813604798
Country,54596520.7789499,144282.142777041,14992950107.7848,1193.1560921717
Country,31703416.8136791,39255.900640109,6575875836.97393,284.9604640152
Country,21629786.3920465,28228.6124563078,6350775093.14989,482.6425978535
Country,27433916.3547879,279117.872849698,16279650416.0958,806.9917929293
Country,22785678.7721914,61539.6933850825,8297060267.83464,365.5516887626
Country,32975886.9566656,66311.5320092846,12316397080.241,1019.622790404
Country,23816822.974423,75864.2333262615,7405991095.67465,297.8488794192
Country,15098949.0250299,57463.0859341653,6907450048.46853,248.4242424242
Country,32438191.2769795,149272.797808309,14072851978.2651,807.6801609848
Country,38519514.9636305,145409.217301792,27483168548.4184,1625.384469697
Country,27213259.7027789,88039.4537816767,7625884191.08912,228.6994949495
Country,27056738.6574058,56712.1175578282,15375735687.8754,547.2395044192
Country,42762790.0187859,155112.677481276,18862685143.4716,1228.2758049243
Country,22051759.3758448,166644.364671773,6511584757.25262,154.6331281566
Country,52545680.1945384,1132762.68171836,13069546212.5521,701.7848800505
Country,58906422.3441565,230994.52772016,16395321656.2762,1081.9795612374
Country,31770275.3783398,283776.783413507,15217849071.9052,1178.9618844697
Country,32665158.0571324,26279.990310995,4225930423.44138,251.8409880051
Country,14184854.2218912,134055.066143739,14717640319.287,1249.2050189394
Country,104223756.124526,193768.190852334,29293373668.2727,2564.1021938131
Country,65479288.5308085,274197.580005733,31062992309.1594,2414.139520202
Country,17347813.7005809,46036.0544621273,12939394289.4356,1158.1249210859
Reggae,143639679.417024,506169.953175167,16775909053.208,864.6995738636
Reggae,30671859.2403911,291435.885596781,13752689609.2736,754.914614899
Reggae,43487849.4368022,326521.064242501,15511567614.3428,935.2752525253
Reggae,28668886.866976,275520.68449429,26252818505.4677,1942.7362689394
Reggae,18736191.734276,198773.928597549,19954083568.2919,1545.1948390152
Reggae,26371368.9836903,163259.502189821,13251120709.1072,471.8701073232
Reggae,92600372.8075236,1062269.52576846,38399784237.1061,2831.5090751263
Reggae,22483940.4226605,54342.9561394243,9902702254.63375,776.884469697
Reggae,19430838.731452,20011.3889018905,5598625461.29555,61.775094697
Reggae,28605823.4288431,125910.846924794,17224955646.8244,953.6738478535
Reggae,22249102.8666282,139587.188088405,17248246026.5954,2667.7452651515
Reggae,34058745.5191213,33641.5186839675,6783373092.98339,269.6994949495
Reggae,37430416.9123656,187915.040399362,18766572669.2863,547.5665246212
Reggae,60796471.2153031,2745786.30555622,24696535061.4272,2003.908459596
Reggae,23595008.2729747,167033.783132911,12597145608.2055,852.9000157828
Reggae,87836230.8526514,183758.311614664,18785192640.3519,682.9008049242
Reggae,30673527.6496485,222293.802198131,9501309932.31569,389.7698863636
Reggae,45204212.9085281,304254.952626407,17044277226.6587,1184.1785037879
Reggae,32885399.2218551,57617.7370613717,17091437379.5325,1929.108270202
Reggae,26189925.5313246,251122.53871136,5707403682.25325,100.0112058081
Reggae,25274455.5314663,220051.037151376,11773711057.5732,774.4655145202
Reggae,72943001.9997431,650220.752988464,23166186657.9296,1259.2663352273
Reggae,20340264.6529807,81999.60408778,7798413109.07276,391.8678188131
Reggae,21276561.6135083,122524.19168513,11285489774.0145,551.0899621212
Reggae,32221517.4021478,276517.286130595,14907514280.4814,757.0793087121
Reggae,33358187.7546158,334185.141976406,13108230309.3684,702.2296401515
Reggae,54158850.5519001,188469.883716502,11271817112.7,947.314709596
Reggae,39502708.4143116,1414682.12450864,18429138563.7062,699.0381155303
Reggae,23478151.3365119,311939.723209934,8068705901.43394,144.9448390152
Reggae,29424067.6749909,169694.063481946,13449472394.4644,765.4751420455
Reggae,55716134.687217,543052.440388189,13370513102.8358,394.9889520202
Reggae,32337360.6340737,566059.661324005,12734080674.9748,418.7135416667
Reggae,30999460.9616325,202484.597757654,11129392288.0791,225.2763573232
Reggae,16757599.9691437,118169.822108718,11699811266.0919,420.6878945707
Reggae,52129191.937072,221818.36560669,10798881244.4451,889.4596748737
Reggae,88371441.0062023,1365355.17317546,28047105827.083,2162.2270359849
Reggae,23691636.4068521,91236.7905173801,6586129537.55836,671.9913194444
Reggae,26578681.3432323,93231.6975503262,15764674461.843,1182.9986584596
Reggae,57590305.8379112,283200.420829006,25359416606.8635,1347.4503630051
Reggae,10107352.8372363,39720.6623562798,5729797834.13734,462.7077809343
Reggae,34720477.650234,443525.281736283,12790526933.6616,958.9804292929
Reggae,66947645.1434717,726855.64554826,20994317355.8271,1663.7797506313
Reggae,29823491.1175482,47372.5408588336,21073574591.7691,751.1250789141
Reggae,24195351.0947028,79111.1418765013,8029683500.22103,234.4796401515
Reggae,35557465.3577156,285323.029653121,11319570442.2474,423.1257891414
Reggae,34546938.4231477,60683.6734224079,7877155727.71136,144.3444602273
Reggae,20777819.4577261,153578.375419991,8661593941.82766,266.1265782828
Reggae,56963397.6021789,104756.226848853,44044280713.1261,17187.2611268939
Reggae,55393506.3485084,158286.4525174,16371417601.5803,613.6683238636
Reggae,10618103.5962134,94925.6690916123,8726679221.7078,740.2962436869
Reggae,33257460.8889821,183588.282959688,13754259679.626,544.1736900253
Reggae,21713585.1348059,25994.4091706472,10892717245.2494,614.7369002525
Reggae,35405671.9553843,327025.996652632,13269437032.2604,213.9243213384
Reggae,24772743.766522,111242.878060257,6355540964.13295,230.1830018939
Reggae,32232150.6772314,226302.176666788,9267824170.40062,442.2526041667
Reggae,30359085.8693983,82081.2819157619,9436851822.70752,268.7313762626
Reggae,22173239.4766726,85728.4150801208,7686782679.56013,358.5547664141
Reggae,19952488.887431,134203.486251356,5999043569.21058,305.8144728535
Reggae,51002074.1529901,87281.5642408391,9093562563.47355,837.7622316919
Reggae,23350978.5481068,99081.564537081,10831407021.6394,532.4706439394
Reggae,30615496.8440198,149916.159965064,25514302318.6598,1646.8355429293
Reggae,24502822.4359969,156344.48460212,4993496954.39465,251.0246212121
Reggae,12872894.341539,34726.3461748272,6247353043.7134,233.6912089646
Reggae,22588533.0337285,192833.571223947,11362988024.5615,520.4942392677
Reggae,31287557.9810815,204579.457832717,8345951906.52163,258.2941919192
Reggae,142936681.395912,337086.810256037,16785459310.3362,747.6459122475
Reggae,42610110.3918293,275062.816058277,14925464049.3467,889.2602588384
Reggae,34152690.3942668,129480.587155669,22931884382.4614,259.09375
Reggae,29183711.0192951,136801.559905149,18075668792.3781,1120.8520359849
Reggae,37737328.9244875,390326.149004812,13646987593.7221,235.5597380051
Reggae,5427940.47667845,23997.5195807356,3062054017.60557,383.4099589646
Reggae,42551692.5716943,316327.291156649,13121651661.9704,1128.7309027778
Reggae,36619739.0761949,197860.296087684,20450372480.328,645.5826231061
Reggae,38257388.5739561,587691.283915046,13008773106.869,725.8424873737
Reggae,32342202.8625169,123600.960405371,14666308099.0852,482.3434343434
Reggae,30095259.4156392,36231.8991951799,12864631836.5003,279.2046243687
Reggae,39746870.5356781,226020.26062002,16523331650.6672,1218.9195864899
Reggae,24504225.8805211,289123.162708378,8643280233.95826,512.9461016414
Reggae,41936099.6251518,234661.086697515,14551067292.0281,848.4172190657
Reggae,48950462.5484555,184311.125817081,18537433082.132,1552.2003630051
Reggae,38655987.0869999,612205.071301936,7985693589.52723,463.0351167929
Reggae,105727077.947405,153574.480523855,25702093403.587,2803.3907039142
Reggae,42676604.1514559,210216.12327024,13595354180.1702,650.4543876263
Reggae,53449547.8966774,176276.011262915,13339172863.8969,640.8985164141
Reggae,41737885.2378897,308079.425732938,24194470727.3502,1879.459280303
Reggae,30804911.5553128,524027.562251772,11077937768.8168,375.6814236111
Reggae,66947645.1434717,726855.64554826,20994317355.8271,1663.7797506313
Reggae,34050764.6017544,90939.2110341975,8869503211.08733,412.4166666667
Reggae,57172900.6072245,227682.793941245,15247160265.2432,465.5396938131
Reggae,21470006.8932451,93386.6532635078,6736580415.7461,373.7028093434
Reggae,116786914.995361,535705.209469305,27862546117.3584,2810.3841540404
Reggae,31813410.9900927,181979.83076554,12811536319.1554,638.8034248737
Reggae,23873236.1575942,127294.339480264,6815635591.69267,155.069760101
Reggae,24232784.6058317,185536.732084779,10769400697.9142,567.6098484848
Reggae,14322041.81227,142832.031412361,11366913758.4573,1119.8779987374
Reggae,30227919.3175114,93099.9239931307,14927536228.633,1179.0909090909
Reggae,38114000.784456,49015.3546666914,17645174874.6468,1114.9476799243
Reggae,29744275.3033485,48965.0398281986,14547729185.0848,1193.7481060606
Reggae,32081772.8637441,52137.0269696536,8623579030.82142,626.0862531566
Reggae,23239725.6632628,138192.640133583,7264177312.48543,112.4869002525
Disco,17274457.1259287,75651.2275740206,16231096836.0561,1186.8134469697
Disco,24446386.7814418,51430.8657740411,13844307719.5509,654.6418876263
Disco,9555231.33882501,40346.6638252657,11208301402.0129,917.4087752525
Disco,19314186.2585302,146331.102368786,10409322268.3794,698.0102588384
Disco,26206451.6894368,45629.1369471295,14502344852.0334,617.2350063131
Disco,32058008.0761385,49227.0125496878,20000537876.2179,1326.7791193182
Disco,26212882.3480372,505429.057968795,28725624974.0325,2223.4428661616
Disco,38059297.2503991,211017.438632455,25571587386.4869,2027.9171401515
Disco,16090093.6395238,47565.0054891084,21171545012.8047,1772.0911458333
Disco,39406847.4193311,224041.319861088,27156386561.5451,1564.0957228535
Disco,25906266.8484897,102233.169835701,16063830567.1123,1224.3637152778
Disco,17133876.6283838,207708.424132764,17543002354.3028,2128.1664299243
Disco,39989564.6425105,357048.13294185,29332447437.1207,3139.377209596
Disco,19617946.0730722,58604.8226542382,19392061064.9498,3034.5984848485
Disco,26454597.2863795,199580.406572418,15922575417.4987,1154.4155618687
Disco,42247709.27875,232057.831391293,18336402600.3135,875.3704229798
Disco,22497431.397858,234632.583901612,15825906088.9238,1623.6797664142
Disco,19542009.4775454,123945.813818694,17624424823.8619,718.0549242424
Disco,69825822.2150313,177618.215026603,20611899988.0207,2692.7577335859
Disco,16833016.1614274,288648.65154465,20690946591.7916,1756.8032670455
Disco,38295690.873173,136513.544570192,23511544719.8397,2424.7447127525
Disco,39747806.246595,518457.397838446,34337846721.9712,2761.5550031566
Disco,20743669.6426149,177252.694568241,13251224674.4017,1249.0973800505
Disco,35736534.4241658,219569.235950417,31268806133.9933,1390.0689709596
Disco,23872163.9910644,139439.326109573,14282800370.3585,512.0967487374
Disco,125278799.870656,633912.342086514,29525573017.3657,2203.9592013889
Disco,24789228.8403369,103838.946984578,14875655108.4405,892.6352588384
Disco,19865282.5794343,214137.122853969,16577435980.4471,1135.6964962121
Disco,45259141.4831823,287952.394944622,16228252067.4622,1555.8047664142
Disco,18254327.2356236,61471.1624590856,9387106658.49573,485.0476641414
Disco,19865282.5794343,214137.122853969,16577435980.4471,1135.6964962121
Disco,13436210.3672108,77921.1602457207,22794010394.7031,2069.0972222222
Disco,26016318.8305181,156385.028079123,10128067705.157,548.5108112374
Disco,37944532.7877935,1212940.14275368,27433683024.4623,1118.1372316919
Disco,24306891.2775195,336541.711755204,24164549112.9503,1307.0888573232
Disco,12992839.2059799,18398.8409563018,7328866794.17783,312.0372474747
Disco,29476929.0823206,186447.55555661,23932993805.9213,906.9120107323
Disco,52019287.5786251,371050.452371852,25082580047.1176,2351.4226641414
Disco,12001878.5477318,65454.6455871123,12315907309.6689,779.3762626263
Disco,32772326.2944046,374244.77300018,30176581310.69,3314.4373421717
Disco,11535792.2994665,79804.4437400201,8278497501.64144,415.7061237374
Disco,36704717.3762507,253924.050803875,28626062143.5343,2479.9304766414
Disco,19415959.5743519,209395.76429901,15015611669.8668,1146.3322285354
Disco,18439182.3554168,134808.943279284,17268052249.3415,1506.6521464647
Disco,22864731.0201387,78575.8053605734,10981640162.4916,866.9282670455
Disco,24652494.1436407,67088.61791399,18762219535.0987,2047.299084596
Disco,66133502.4673359,238769.02043262,10902993400.7881,522.444207702
Disco,27529094.7965389,176578.427598095,24553151876.0055,1381.9923453283
Disco,30455517.6878798,87041.5341302122,28746660923.1817,1820.1883680556
Disco,24076363.6402886,118131.669252517,19294060527.6853,621.2340593434
Disco,25329591.397399,190572.424653864,8815971589.41174,282.3498263889
Disco,16331810.5555354,35868.691221216,21398035494.0828,1250.3025568182
Disco,29169156.8431601,165206.521004796,14061417937.2999,639.8764204545
Disco,20313147.8601415,54544.5918332628,17766628068.2745,949.3759469697
Disco,33512404.1806552,469668.382393678,27029554645.4665,3374.0348800505
Disco,35895846.1393344,436815.738393361,26532899355.4616,2169.6231060606
Disco,41981379.5411911,677106.019424761,25715962414.2934,3476.4820075758
Disco,15997489.8211787,178090.010834612,18120463794.4227,1225.1537247475
Disco,29832216.5030086,259212.033696654,28664567294.4814,2397.1296559344
Disco,19958635.5823992,71083.2012802134,21156926495.0876,1266.1864741162
Disco,21025605.0612815,288865.356041598,24878875775.0785,2723.8860479798
Disco,28302268.1956456,124753.630769431,22358594299.4948,1620.2150410354
Disco,23224859.1163604,259143.725725528,11291464032.6678,704.0214646465
Disco,19268784.5428189,123271.812927123,8956143620.29327,529.6467013889
Disco,16027675.8560989,173318.920193373,13301254010.3253,1519.4247948232
Disco,15661005.7549221,96995.7461117489,8993192527.01874,299.9890309343
Disco,30971112.1038849,153286.793469237,25415584062.3807,1876.8985953283
Disco,20670234.4038981,76579.4624709578,9413718242.82425,382.6939709596
Disco,18217024.6814581,127385.628175191,14535101541.0339,1175.8015309344
Disco,12528912.4104666,155569.876633127,15150984169.0402,466.3175505051
Disco,42897572.3846202,1778051.58050745,23987167816.3189,2327.1642203283
Disco,40254836.8721996,96502.9819033308,25171156574.6526,2058.6655618687
Disco,47172478.4987747,766954.133989626,31126114987.3609,1689.5553188131
Disco,51363535.4870008,410510.835912864,26616529255.467,1821.8076073232
Disco,23522959.8541706,103601.389480577,14220219429.1832,816.000552399
Disco,31235688.4847433,474405.583702153,20338193472.6925,945.1235795455
Disco,29633036.1823223,37558.1253505663,20389680664.1106,2730.200915404
Disco,19723139.9122742,250257.151724067,15203646662.951,1281.9573074495
Disco,39008449.7857207,102361.255529032,13727234136.2659,1456.0138099748
Disco,15325199.232729,98496.7452271181,13779336554.7602,917.5404040404
Disco,40789995.9775996,430502.254965237,25526106992.0962,1953.1158459596
Disco,31494944.8645277,97221.1366831941,19906252493.4535,1657.5565814394
Disco,48450373.9383877,202929.743411148,27202845473.0604,2430.1744002525
Disco,32934424.5266283,255527.645563312,23834611247.2419,1321.439709596
Disco,46130872.2631857,133663.204609258,25438225692.0962,1871.4388415404
Disco,22667829.5948064,130254.184722269,13853084567.2154,639.5086805556
Disco,54292161.734347,2102046.5933652,24120383607.7678,1171.4723800505
Disco,21703777.7426783,327313.94318902,15276649344.0146,495.84375
Disco,32034803.2976477,209535.227133688,28558334300.7624,3062.1650094697
Disco,34686168.5765405,103310.672036815,15481097580.6337,668.1358901515
Disco,32997148.6728968,1211951.65323299,28147481833.4603,1995.7900883838
Disco,22923708.3206913,237217.555838248,17744446589.8063,1354.8958333333
Disco,50429934.7318557,45593.0441588055,21444719975.3261,1271.8380681818
Disco,14112357.6088156,98610.3615524319,6277166767.25148,254.1472537879
Disco,61452068.0633052,61713.5818736568,25576848382.2297,3042.7346906566
Disco,22636113.3733127,254242.568758787,15493429212.6779,1979.9066445707
Disco,79952857.0150644,715934.812069712,27059555939.2838,1739.1728219697
Disco,29180454.9452758,182608.195047687,19271276842.4862,1591.2445549243
Disco,37600759.0400612,363747.650246552,26035886522.3638,2740.4844539142
Disco,10094092.7971757,94977.3199041513,6711863811.98443,311.90625
Pop,85528051.5739265,463671.771289892,35000072910.7228,4058.1444917929
Pop,43680235.1051608,148557.501597472,39777799882.7101,1744.490530303
Pop,57640714.9692894,381607.331882286,37137879608.9803,3022.3544034091
Pop,54613070.7334866,622516.277717732,40020843480.0929,3493.096511995
Pop,74383552.8518644,473151.611538139,29757461350.9949,3346.4875315657
Pop,37393347.5534365,335834.103205362,31796378402.873,3408.1624842172
Pop,103521897.509158,478979.114627345,33821807393.2071,1629.6440972222
Pop,38816944.0726774,358922.403814639,41168105980.6961,2853.6081912879
Pop,52907258.799417,1057618.75678686,39761799388.7199,4083.9655145202
Pop,45705101.6636043,77261.1784138902,13683790033.8491,764.2264046717
Pop,53897712.170799,156677.341970027,44143718113.345,6041.568102904
Pop,103247411.232863,935494.173814825,30123311043.4559,2465.7900094697
Pop,53041452.4368187,705602.298218652,26245783956.9822,1236.5569760101
Pop,69697320.8491981,453055.918787248,44776376535.4955,3949.494949495
Pop,28825220.5570819,241519.466217197,33285271263.7963,3153.5282512626
Pop,51368845.4930304,305664.468529719,29157570714.9805,2918.9085385101
Pop,60663798.0687106,437576.264977312,32098616215.4184,2159.526199495
Pop,57185124.4834786,635062.019058947,36477372284.9091,3018.3013731061
Pop,66001152.05336,1444598.98398495,44763289590.0438,3221.595959596
Pop,50735254.280921,236997.435797789,16819358347.9216,600.0558712121
Pop,59884900.9619947,374558.118490632,32887670289.0135,1563.3791035354
Pop,93577020.8605313,942233.064449438,37602820388.465,1751.739977904
Pop,55994776.8856025,758935.088251755,36537048929.1145,1920.1269728535
Pop,33732711.356691,110347.009280858,6022441693.99043,354.2642834596
Pop,53821572.2021072,653720.846665217,50532849940.279,3960.9203756313
Pop,43318498.1080581,421259.20176131,30350062524.5567,2410.2797506313
Pop,57894800.0728532,195898.997769517,32204901126.3636,2020.1595643939
Pop,93577020.8605313,942233.064449438,37602820388.465,1751.739977904
Pop,108640211.149725,345374.592127288,14108066397.8614,449.4335542929
Pop,127680841.258347,3166206.57495856,47714778710.1394,2327.9144570707
Pop,46445406.1220179,579752.383490341,39292736272.2261,5142.468197601
Pop,84857259.1883988,392855.151367512,29143518251.4454,2135.9487847222
Pop,76567686.73519,483279.167424857,55057682888.606,5412.3805239899
Pop,56205584.1006495,596651.496988019,34057124770.262,1340.1503314394
Pop,38732201.3525311,81943.66993819,22526422725.7438,1452.0062342172
Pop,65970722.5783171,410115.846581675,20312922334.3877,912.9116950758
Pop,74805277.5910603,633059.892726078,36419979572.7406,2895.1755839647
Pop,38797184.6167106,1508781.49266096,29208083584.2856,2533.4945549243
Pop,77752479.0877022,337198.786844708,37038291348.9404,3280.4508364899
Pop,24013780.4297363,395280.181259034,19941234916.2409,1657.2546559344
Pop,10493288.0206005,64920.3297201759,4430294669.06168,224.327020202
Pop,69453118.4241648,219066.337422891,31907082004.7051,2579.525647096
Pop,100465795.026795,953883.685866729,45860070381.922,3835.5019728535
Pop,38978756.4647992,263229.848673413,33888372008.3261,2410.0938289142
Pop,106951171.536831,936692.380106694,38360559563.0104,2612.3528251263
Pop,79696936.5149656,304327.625783786,29296920931.6216,2530.9409722222
Pop,65525122.1149659,805664.814923624,29766891258.2981,2772.5782039142
Pop,13667122.2739747,353932.799220078,9298600061.21982,367.5564236111
Pop,45345092.0546068,418927.211212613,49949400119.9962,4633.4364741162
Pop,34224516.0855503,358518.649392945,24313526756.9404,2258.5388257576
Pop,37576519.2357019,354776.186478969,33163872657.5711,1540.6282354798
Pop,74496655.6984226,301540.677058929,29149584932.9933,2766.2073074495
Pop,33654370.2100736,903508.422463858,34688699199.2915,2893.2994002525
Pop,109573146.416534,270002.130510201,16132732670.4254,1585.0901988636
Pop,70415974.4509008,173751.103835862,31310106054.0993,3028.6321811869
Pop,74148582.0476954,207220.568513042,28127327825.33,1937.1648516414
Pop,16859834.7396586,89090.6991966528,11406650258.0389,721.6602746212
Pop,45773943.6690446,1024567.28315785,21344536773.6291,1700.4763257576
Pop,50050493.3105377,168091.735790416,30737649296.9175,1810.2255366162
Pop,32721354.6652707,157319.009312958,19585300410.4766,1219.6307607323
Pop,102915659.101058,1341466.10776439,30801640544.4179,4175.8221275253
Pop,40574351.9893417,232160.122258701,33168834198.5857,2639.7821969697
Pop,74151826.0640317,269155.77268207,15721528281.9783,1088.3386205808
Pop,43493633.2000886,304864.985878939,22730416986.321,718.8003472222
Pop,30784019.2873991,419234.225517853,24923874112.9158,1570.4419191919
Pop,92620840.5380218,714563.33480955,25860287153.3451,2480.8145517677
Pop,31511897.5545086,819763.465154895,30576339364.0117,2493.6504103535
Pop,63484757.0408216,1129288.23454471,35704161693.1465,1915.9411300505
Pop,64320820.4473242,296413.520783251,20180709865.5678,2602.3540088384
Pop,74616620.4147475,573812.250374484,34316470023.8417,3176.3520359849
Pop,38678643.9538244,228289.453017975,33703718911.4057,3836.2533143939
Pop,54977624.8878945,461692.428569991,17526982790.2013,828.0068655303
Pop,36136108.8548519,283639.035000907,31870313593.3909,2578.5740214647
Pop,31278696.8834814,195041.833270268,23038031822.897,1068.3866003788
Pop,31454682.6698656,134195.212300798,14017784760.3916,558.1257102273
Pop,63198531.1416649,443620.132803095,32363758779.6099,2273.7247474748
Pop,68026315.6401814,344211.91548267,24103003262.3107,2113.6932607323
Pop,43290941.656453,147207.640658599,31733823180.2288,1515.8005050505
Pop,52546096.0233941,261532.597251813,37725364798.7544,2348.998895202
Pop,102340107.952295,256533.276373419,29145587201.411,1293.2123579546
Pop,36033383.709232,171228.708551594,31667308040.0247,2897.7425820707
Pop,63816556.0270708,459427.324192116,27834128987.3146,1873.8682133838
Pop,38524538.989544,1212010.03968063,19258663112.0395,620.4777462121
Pop,106222885.199341,4441092.71526676,20851580588.7045,2166.142834596
Pop,106736163.327359,823263.976074233,32043313719.8803,1096.3168402778
Pop,60627215.2387549,311414.36582815,26646406471.8252,1730.1695864899
Pop,19608674.7349276,188592.214014444,10879933999.205,338.4532039141
Pop,66816401.164229,194179.21152341,25157025552.4935,1878.6108743687
Pop,71390818.787842,784181.623169521,37030077821.8989,1749.3968592172
Pop,51368845.4930304,305664.468529719,29157570714.9805,2918.9085385101
Pop,21824698.5798692,31132.5586839589,5458366038.77292,482.5375631313
Pop,64489199.8703683,265157.978364896,33992481198.2714,3210.4761679293
Pop,73738308.8739063,239467.850648074,21728100942.454,1517.7510258838
Pop,39250332.4860682,180504.516401864,27683087429.4314,3124.571969697
Pop,110828820.729014,765069.941270892,39073214482.145,2767.9311868687
Pop,37618924.8363628,213329.884846451,32092700205.3376,1572.1148989899
Pop,94005617.4403816,269926.936372428,32873667697.8754,1858.377761995
Pop,46007208.7068497,3104818.85301084,24795322236.4127,2120.1985479798
Pop,39412839.693892,264587.398911454,35575637624.9535,1513.7127525253
Pop,42466584.5141145,949607.619254983,26502226845.2422,1184.9644886364
Jazz,32644972.4776312,99913.3674706378,7350715343.99836,549.8670296717
Jazz,10480189.3095489,47993.045769073,5462054789.3879,439.4071969697
Jazz,16506861.9112455,137051.747587028,4992224947.96562,477.0079703283
Jazz,18619798.2621228,94030.9162734655,6199041112.78286,451.8171559343
Jazz,11626043.7837035,35719.581861728,8396385400.56485,256.9721433081
Jazz,18842594.8289498,133256.984741558,5748887282.68799,246.0376420455
Jazz,17092963.1942257,44407.7137309271,2208646082.44576,192.984927399
Jazz,11110685.9124283,13146.5083065498,4351313863.33957,143.2204861111
Jazz,9694318.62156421,51409.8956107222,7406220329.65114,899.2568655303
Jazz,48884378.8848784,268245.897438071,17796003759.486,867.8517992424
Jazz,41739178.8581002,77176.4153412968,9307611387.38606,684.3237058081
Jazz,37564709.7392438,195378.345431233,13994453839.6006,743.0749684343
Jazz,27033528.3529395,72867.0371732094,5706590363.17368,280.2713068182
Jazz,37472528.8197077,292168.94660349,18252798572.5121,972.3553503788
Jazz,7903223.4841994,19757.4160585453,4490388476.54005,358.1056660354
Jazz,30912783.525759,66338.2850801642,6021106867.6953,448.3220486111
Jazz,14711948.3432478,42864.8218606983,3985662521.9888,193.1695075758
Jazz,14167126.6793647,57892.8273689754,4417585361.18223,342.0018150253
Jazz,15691714.9376669,44981.9202975901,4453385996.98235,237.8689236111
Jazz,15761910.802037,34069.8902123737,12088674179.0748,839.9102746212
Jazz,11530431.3405412,42790.3818467574,8851490368.39595,712.1914457071
Jazz,7411385.51106363,15205.9690001596,3836942571.81491,150.7236426768
Jazz,24427821.8195377,438989.325735082,14561797751.4463,900.8646622475
Jazz,8522480.74838397,54284.6412365631,5608608494.72393,599.1782670455
Jazz,19877792.5334056,139250.536818128,5053975197.40193,120.2916666667
Jazz,50779364.934174,447834.601765251,24020615255.884,3192.1123737374
Jazz,15031190.1379595,119518.322010343,9678773110.87239,852.1131628788
Jazz,23464751.8851374,101267.294587694,10198355418.605,229.1051136364
Jazz,39926293.1148111,236196.854600698,9134955735.84154,330.7141729798
Jazz,37818923.1385479,80697.458159984,2834690491.69007,188.5449021465
Jazz,39942769.3577484,236318.873365595,8967427900.4096,329.4573863636
Jazz,4413452.58459688,32617.4705101103,1335911838.91624,49.4659090909
Jazz,60860701.7228758,266352.694958083,11390681082.5949,620.6291824495
Jazz,22951361.5185291,54058.1053299639,6741562865.40389,430.8637941919
Jazz,30284573.4995805,95609.2981846356,9284418356.94037,823.2140151515
Jazz,25243567.6551513,1121447.0235059,6403918482.91245,529.3002683081
Jazz,19308787.9783023,138008.15867314,6134250245.35549,269.2938762626
Jazz,14500336.0154096,29342.0998235713,5660687517.85436,254.2884311869
Jazz,11533793.3825176,43541.6704171764,8920500452.5326,709.6684027778
Jazz,12563710.4218559,46899.1089139574,7566949664.272,603.8861268939
Jazz,7710562.46277633,20718.0217479475,4869070793.30551,267.0762310606
Jazz,9127747.17655931,56362.0557779207,2260803363.86446,34.9089330808
Jazz,19866478.5950508,58028.0518369248,2712576122.38398,236.6220801768
Jazz,65474561.2330427,286773.034742716,17613849713.7757,1143.5188604798
Jazz,68987043.2796243,480229.274403225,11457158582.1869,342.1911300505
Jazz,34097558.0922789,118439.242233194,7045302168.75273,466.0141256313
Jazz,21493261.7557543,113942.905426487,9007081893.01564,472.6118213384
Jazz,28459556.9613247,151112.433636948,6169767989.48051,471.3740530303
Jazz,30106160.8826587,391566.866893575,15480853614.0845,623.0644728535
Jazz,17230778.4050983,41361.0960130226,6376254604.08568,424.2865372475
Jazz,9636395.68559774,8879.3444773515,1069405195.39228,66.1085069444
Jazz,34207190.2698854,240186.535839178,10211763905.7026,767.5217013889
Jazz,18288632.4375684,116217.235862422,5538367017.68894,300.532354798
Jazz,67626362.3611864,304395.540905949,19931634511.2659,2166.5993529041
Jazz,41745736.9253924,525530.862640056,24092041597.6944,1863.3491161616
Jazz,22625095.2234662,29674.451874326,5811832702.2629,214.4652777778
Jazz,23273483.1368178,90880.4220420895,12591551149.5054,874.8222853535
Jazz,18844540.8377328,133375.71689688,5739100330.8023,245.5684185606
Jazz,31608798.2501481,41251.6974718866,12809922524.9151,528.4221906566
Jazz,29407825.3179482,42532.375623124,7730501470.41002,333.010022096
Jazz,9198555.67655141,31112.9877983039,2941727509.89595,213.6207386364
Jazz,23273324.2537282,90965.234035675,12970300647.1075,916.6366003788
Jazz,10226628.3731978,231478.311739726,4798464154.50493,1226.7780145202
Jazz,34267784.5657388,425356.650679346,21215752405.3533,1493.4643308081
Jazz,9052052.85752611,44731.8357206344,4840210340.71156,451.5846748737
Jazz,8830806.11351823,41034.9602459278,7294318145.98846,825.7886679293
Jazz,40307362.4598111,357282.172209969,15363274636.1201,2050.8482481061
Jazz,12923582.0288039,37034.889738937,3851988192.89142,220.4592013889
Jazz,14707286.5662839,92023.5101842859,6122855819.74952,434.8739741162
Jazz,36035626.4727965,57720.5736718637,7117183718.4932,419.9668560606
Jazz,20850567.9209915,59187.9534992439,8909635404.05133,676.8734217172
Jazz,21493830.3199528,113041.17945724,8989046621.30783,472.9074337121
Jazz,23842412.2410123,106749.363878755,7245009816.18459,408.9333175505
Jazz,16876251.9044097,23020.4903289133,4557791197.06374,365.9980271465
Jazz,45587380.1910704,137632.14306283,11876915944.1439,1284.0427714647
Jazz,23340836.9254232,533284.343563427,18132034958.6554,956.345407197
Jazz,9372737.22486256,13685.6113119971,1909414716.03891,323.1994160354
Jazz,30106257.7367954,391588.03185808,15404564729.4242,622.6770833333
Jazz,24301687.4257707,412753.153159013,4073302669.95922,562.7094381313
Jazz,31959760.3619678,224562.128945828,10719768922.5396,621.0971433081
Jazz,13167610.2257648,41569.5762284839,2915544675.73598,127.6172664141
Jazz,36036760.3960531,59035.9714955158,7105958126.89923,420.0900410354
Jazz,15411302.9286764,43250.951168378,8748524447.5488,993.6697443182
Jazz,16186640.5491135,465282.549898277,4406653505.02963,172.4023042929
Jazz,34207481.4618502,240143.598578501,10051168521.8372,763.7210385101
Jazz,13601033.4648345,49494.5129194869,3336080244.55664,240.8216540404
Jazz,24267546.8974687,53262.5299283295,2414658167.30574,244.2358743687
Jazz,32335841.5761443,54458.365556777,7783395101.87037,276.1660353535
Jazz,17519881.2367251,107638.208416014,8693944081.16642,240.8845486111
Jazz,10505392.015492,18309.5816450886,1615655270.25676,271.5812815657
Jazz,20850503.3143878,59227.3538498949,9061895910.74516,713.0742582071
Jazz,38742759.1434337,350647.372105849,17127462900.5218,1044.4545454546
Jazz,27033386.6377441,74413.6934631234,5699516549.41879,280.1362058081
Jazz,32159784.2307799,188085.295562452,3402068211.82837,443.3463541667
Jazz,24834619.8436766,117658.160330941,7868632390.61586,776.4952651515
Jazz,31609877.3071361,41593.5936218705,12744695818.899,528.251104798
Jazz,14820048.0479154,57499.3232156861,2501624024.88202,136.7252209596
Jazz,30286141.1776736,96156.1311420542,9300528985.66268,823.2539457071
Jazz,17519465.9931784,107658.421642528,8717364338.8221,241.3716066919
Jazz,12929331.9012893,12300.6335219837,1264070739.95159,83.8883364899
Metal,34005284.7546148,431965.283120274,20785646673.3766,1385.3663983586
Metal,69624175.1383667,1016549.7294501,39400353283.4466,3887.7683080808
Metal,20116325.9827184,415752.814676503,17444348321.0818,1693.9635416667
Metal,25020274.0200202,234369.364642448,17778108617.7828,766.3898358586
Metal,13638533.1742623,78168.763124284,13787768036.8182,1118.280145202
Metal,40599948.8621497,229834.75137187,17437984514.0091,1372.647332702
Metal,27655476.2192828,484543.278762185,17127862679.4847,1988.8278093434
Metal,17339899.0818324,138784.377757808,14238887646.4069,792.3169191919
Metal,20439285.5861485,150604.782316157,15971458619.0867,1127.0248579546
Metal,17596781.6601441,152927.870698645,16705693595.0702,1794.1062973485
Metal,24091648.3076508,76469.612859107,15479357531.4637,1151.0355113636
Metal,19359882.6291006,109259.240757954,15089047794.7645,615.7203282828
Metal,23947570.8574774,220265.751566733,16349303435.1471,1170.6068497475
Metal,24502354.1729793,151480.081787372,13138046603.4586,1167.327020202
Metal,36270726.0963026,250698.771298156,13998587213.9585,523.5990372475
Metal,69403596.3739356,460305.640318776,8848248447.5136,479.9108270202
Metal,35134834.6138095,295808.037984214,34692968532.1849,3639.8851010101
Metal,65238379.5945071,380176.231469882,35511147288.7702,3717.6957859849
Metal,59311302.812753,314081.677199687,30965533770.3082,2066.7589962121
Metal,42518713.7334946,141634.801300455,22209516114.2398,2319.4625157828
Metal,15809099.4375465,109702.335981679,16790188064.9257,1345.7622316919
Metal,51545327.0068403,311792.165493504,25742042763.5849,2351.0359848485
Metal,40990643.6986738,157917.31842253,21342810441.838,1988.1983112374
Metal,51136243.0236167,233793.202412432,21463393386.6986,2433.079782197
Metal,33977868.5365622,483020.853457397,34589926687.8743,2724.3368844697
Metal,22465363.5610087,313398.295731965,23601158656.7183,2305.4237689394
Metal,18792679.7687445,136204.111984809,14090999239.1024,934.2908775253
Metal,28621210.1861203,165598.605260527,25040057785.9392,2010.5720486111
Metal,29286540.7320551,93554.0668129874,19482285886.8374,1430.4586489899
Metal,27418194.3007666,360116.457339981,20819007545.9074,1870.9420770202
Metal,79571981.6996449,552659.107183866,40883920982.7004,4157.3158143939
Metal,26569131.0660143,143115.870622358,18542341719.3878,977.4934501263
Metal,8475677.34455544,130076.622239265,8900379089.83159,871.8905460859
Metal,35167141.2663456,254772.477322402,42891738945.1521,3460.5722853535
Metal,26641710.5569797,376639.258261074,16825985839.05,657.4951073232
Metal,25101572.036209,213593.839398029,18617209753.181,1102.1349431818
Metal,22697514.7312128,97774.9651508141,14865930848.0533,1785.6321022727
Metal,39860846.254258,234594.626883082,22626113835.944,1851.5909880051
Metal,16577082.7642439,74912.794059031,15300644948.9748,1366.0943813131
Metal,33129367.9461749,510575.210856648,19733350894.1916,1991.1570391414
Metal,51309239.6142164,632879.725474951,38887394390.6391,3955.3587436869
Metal,133822056.01491,858193.279945758,35211265811.3917,2375.2690183081
Metal,18371813.4670944,173939.713993368,15395176135.9304,1528.200915404
Metal,53266476.7681323,454374.703731433,14098001537.3542,778.6130839646
Metal,17596781.6601441,152927.870698645,16705693595.0702,1794.1062973485
Metal,46644745.9539718,516893.566213831,33261852914.3232,2889.3980429293
Metal,20375510.6123228,271807.51683115,11310121078.124,976.9603061869
Metal,48458729.2340125,78922.4534351407,17371914402.5861,1578.7366635101
Metal,26194692.5860485,112785.8840998,14592869694.4164,1436.509469697
Metal,48532738.6794165,199600.006897311,18255270044.2605,1085.8540088384
Metal,17199046.2975225,67586.8736434343,7820659011.04506,563.8216540404
Metal,18391188.6347522,222091.425239002,19599559077.9064,1381.6609059344
Metal,70379967.1232347,222455.942624988,29735041888.6534,2433.4835858586
Metal,43592326.6600225,210908.701107498,19944317505.2865,1640.4352114899
Metal,50603206.4149863,202172.27526668,22823741717.9355,980.7295612374
Metal,87990830.9066793,441695.681474964,40401905710.513,2810.0765467172
Metal,13638533.1742623,78168.763124284,13787768036.8182,1118.280145202
Metal,16577082.7642439,74912.794059031,15300644948.9748,1366.0943813131
Metal,28118116.793056,124205.388973766,13067296904.4718,684.060842803
Metal,19429924.8599305,98003.0271191216,19324556612.3896,1605.2158301768
Metal,21757818.889265,84974.8405168641,15521611571.1011,1289.3553503788
Metal,18560314.2412219,99695.9522556112,8057567287.85296,441.6687184343
Metal,20439285.5861485,150604.782316157,15971458619.0867,1127.0248579546
Metal,49653786.1659488,366564.471715972,38953428419.7558,2653.0441919192
Metal,19565107.9564238,136534.939668615,14835371076.848,1481.2279040404
Metal,39710874.5296673,77687.6104301677,33413584695.6701,3282.3623737374
Metal,16209714.2686212,108137.147835573,14277789206.2385,1361.6728219697
Metal,25869716.683115,201609.049001306,18287465689.1567,1715.3779987374
Metal,49669357.6159169,125820.869249287,32694169914.925,3037.4816919192
Metal,21757818.889265,84974.8405168641,15521611571.1011,1289.3553503788
Metal,46950326.2226297,347123.34395654,38901132427.3172,3734.3615056818
Metal,22886847.6243669,129799.024666449,17370048968.9186,985.4753787879
Metal,29668939.3911284,65709.0774402776,27925951271.5101,2159.9515467172
Metal,17339899.0818324,138784.377757808,14238887646.4069,792.3169191919
Metal,43745852.1602699,461104.174042648,35898035580.675,2267.5684974748
Metal,51802056.3800206,289100.80647609,36802456168.0731,3426.2546559344
Metal,34415126.5806943,590615.822552468,21236269893.8455,2444.5676294192
Metal,39968187.1430287,72834.7684053561,27656846749.1761,1966.342092803
Metal,41635550.299999,310021.099027289,24719941580.9558,3871.4863478535
Metal,15497961.0010022,93764.3929765108,16828462909.7331,1126.291824495
Metal,16833412.0737183,122360.614761429,14908463888.3654,899.5874368687
Metal,48173927.3289024,348053.483636801,36148526311.0318,3274.203125
Metal,51463134.8700138,331272.261149218,17092871723.2727,1137.5610006313
Metal,15809099.4375465,109702.335981679,16790188064.9257,1345.7622316919
Metal,85262029.2524034,257124.002535263,21042277020.9139,1485.3256786616
Metal,74231354.936755,652479.292117774,29128797786.4306,2172.6053503788
Metal,41081721.8057592,196157.386159424,23618333547.8805,2061.4775883838
Metal,51834594.3484851,146921.118296133,22644470826.7647,1258.735479798
Metal,29490943.2150012,150139.410278638,22122381223.8007,1336.3884943182
Metal,136180391.814979,479070.663578268,20908721264.0526,859.9979482323
Metal,23663544.0288532,116047.467844855,14197100939.5223,1342.0387468434
Metal,35189776.3783375,213480.04484213,12634004086.2699,1012.4951862374
Metal,34374325.7515426,194800.613497693,34242924287.3289,2796.2240372475
Metal,12429797.6773212,187565.728975552,10492403876.1642,935.095959596
Metal,27880622.6305163,62842.7951087699,15410009462.7997,1010.6546717172
Metal,58650225.9940792,151347.438748734,29992515265.9576,1825.9038036616
Metal,85394219.4217671,1571120.48724681,42369350869.0623,3397.5409564394
Metal,27561279.1917369,233242.100243873,18188143544.1408,1518.6147411616
Metal,10721609.2356369,138712.500875001,6476479656.13156,273.3121054293
Metal,13345954.0570807,91939.5907943552,10436731660.4931,915.6840277778
